run,expectedCategory,classification,categories,expectedCategoryMatched,execution,cleanup,lifecycle,error,astraInvoked,astraStatus,workerTiming,observationSha256,screenshotSha256,provisioningMs,browserSetupMs,collectionAndTransferMs,evidenceValidationMs,cleanupMs,rulesMs,backendDecisionMs,totalAttemptMs,guestBrowserLaunchMs,guestContextSetupMs,pageLoadMs,observationMs,guestScreenshotMs,clickToDecisionMs,astraReviewMs,totalDeepReviewMs,attempt_startedIso,attempt_startedElapsedMs,inspection_startedIso,inspection_startedElapsedMs,provision_startedIso,provision_startedElapsedMs,provision_completeIso,provision_completeElapsedMs,setup_startedIso,setup_startedElapsedMs,setup_completeIso,setup_completeElapsedMs,collection_startedIso,collection_startedElapsedMs,evidence_receivedIso,evidence_receivedElapsedMs,evidence_validatedIso,evidence_validatedElapsedMs,worker_timingIso,worker_timingElapsedMs,cleanup_startedIso,cleanup_startedElapsedMs,cleanup_completeIso,cleanup_completeElapsedMs,inspection_returnedIso,inspection_returnedElapsedMs,rules_startedIso,rules_startedElapsedMs,rules_completeIso,rules_completeElapsedMs,decision_returnedIso,decision_returnedElapsedMs,attempt_completeIso,attempt_completeElapsedMs,reportedCleanup,observedPresentAfterReportedCleanup,cleanupAudit
1,CREDENTIAL_PHISHING,SUSPICIOUS,"[""CREDENTIAL_PHISHING""]",true,SUCCEEDED,UNVERIFIED_POST_RUN_AUDIT,"{""sandboxId"":""solari-3000e47c87a6b8710507463881421fbf"",""stoppedAt"":""2026-09-30T01:28:52.309Z"",""deletedAt"":""2026-09-30T01:28:52.310Z""}",,false,NOT_INVOKED,"{""startedAt"":""2026-09-30T01:28:49.530Z"",""events"":{""workerStarted"":0,""browserReady"":517.069699,""navigationStarted"":594.116904,""pageLoaded"":722.702418,""factsCollected"":742.168032,""screenshotCollected"":893.615992}}",3a7e5e30258ac21d060ae72ad976ed86c77cf4200af7995f8c5def0fe786bac5,d8baec55e6ee99045d82749a800e02d8973838c3b7457e23e4c2494e1b0bf830,513.637834,38358.824166,1615.4654999999984,5.705042000001413,488.00704199999745,1.4142080000019632,40991.366417000005,40991.454042000005,517.069699,77.04720499999996,128.585514,19.465614000000073,151.44795999999997,,,,2026-09-30T01:28:11.325Z,0.03954100000004246,2026-09-30T01:28:11.327Z,1.578708000000006,2026-09-30T01:28:11.327Z,1.973916000000031,2026-09-30T01:28:11.841Z,515.61175,2026-09-30T01:28:11.841Z,516.24775,2026-09-30T01:28:50.200Z,38875.071916,2026-09-30T01:28:50.200Z,38875.622833,2026-09-30T01:28:51.816Z,40491.088333,2026-09-30T01:28:51.821Z,40496.793375,2026-09-30T01:28:51.822Z,40496.967958,2026-09-30T01:28:51.822Z,40497.053583,2026-09-30T01:28:52.310Z,40985.060625,2026-09-30T01:28:52.311Z,40985.972041,2026-09-30T01:28:52.314Z,40989.834333,2026-09-30T01:28:52.316Z,40991.248541,2026-09-30T01:28:52.316Z,40991.405958,2026-09-30T01:28:52.316Z,40991.493583,CONFIRMED,False,PER_RUN_CLEANUP_UNVERIFIED
2,CREDENTIAL_PHISHING,SUSPICIOUS,"[""CREDENTIAL_PHISHING""]",true,SUCCEEDED,UNVERIFIED_POST_RUN_AUDIT,"{""sandboxId"":""solari-b604ec088f136e85747b85a1f42c1c97"",""stoppedAt"":""2026-09-30T01:29:26.418Z"",""deletedAt"":""2026-09-30T01:29:26.418Z""}",,false,NOT_INVOKED,"{""startedAt"":""2026-09-30T01:29:23.779Z"",""events"":{""workerStarted"":0,""browserReady"":534.88535,""navigationStarted"":595.8205820000001,""pageLoaded"":688.355045,""factsCollected"":706.211678,""screenshotCollected"":853.503137}}",3a7e5e30258ac21d060ae72ad976ed86c77cf4200af7995f8c5def0fe786bac5,d8baec55e6ee99045d82749a800e02d8973838c3b7457e23e4c2494e1b0bf830,231.56000000000495,31612.34337499999,1638.723542000007,2.8469159999949625,610.6426670000073,0.6887080000014976,34101.872625,34101.996833,534.88535,60.93523200000004,92.53446299999996,17.856632999999988,147.29145900000003,,,,2026-09-30T01:28:52.318Z,0.005417000000306871,2026-09-30T01:28:52.320Z,1.7484170000025188,2026-09-30T01:28:52.321Z,2.413749999999709,2026-09-30T01:28:52.552Z,233.97375000000466,2026-09-30T01:28:52.553Z,235.1570420000062,2026-09-30T01:29:24.165Z,31847.500416999996,2026-09-30T01:29:24.166Z,31847.77775,2026-09-30T01:29:25.804Z,33486.50129200001,2026-09-30T01:29:25.807Z,33489.348208,2026-09-30T01:29:25.807Z,33489.504542,2026-09-30T01:29:25.807Z,33489.576708,2026-09-30T01:29:26.418Z,34100.21937500001,2026-09-30T01:29:26.418Z,34100.565708,2026-09-30T01:29:26.419Z,34101.124417000006,2026-09-30T01:29:26.420Z,34101.81312500001,2026-09-30T01:29:26.420Z,34101.878042000004,2026-09-30T01:29:26.420Z,34102.00225,CONFIRMED,False,PER_RUN_CLEANUP_UNVERIFIED
3,CREDENTIAL_PHISHING,SUSPICIOUS,"[""CREDENTIAL_PHISHING""]",true,SUCCEEDED,UNVERIFIED_POST_RUN_AUDIT,"{""sandboxId"":""solari-6692fea5984b66d3b61d693362a6df30"",""stoppedAt"":""2026-09-30T01:30:02.438Z"",""deletedAt"":""2026-09-30T01:30:02.438Z""}",,false,NOT_INVOKED,"{""startedAt"":""2026-09-30T01:29:59.354Z"",""events"":{""workerStarted"":0,""browserReady"":530.981135,""navigationStarted"":599.230179,""pageLoaded"":713.30927,""factsCollected"":730.7017020000001,""screenshotCollected"":861.887768}}",3a7e5e30258ac21d060ae72ad976ed86c77cf4200af7995f8c5def0fe786bac5,d8baec55e6ee99045d82749a800e02d8973838c3b7457e23e4c2494e1b0bf830,203.10725000000093,33190.760834,1648.5348749999976,4.344209000002593,965.0614160000114,0.38479199999710545,36019.26454199999,36019.35449999999,530.981135,68.24904400000003,114.07909099999995,17.3924320000001,131.18606599999998,,,,2026-09-30T01:29:26.422Z,0.008833000014419667,2026-09-30T01:29:26.424Z,1.8611670000100276,2026-09-30T01:29:26.424Z,2.155958000003011,2026-09-30T01:29:26.627Z,205.26320800000394,2026-09-30T01:29:26.627Z,205.77470800001174,2026-09-30T01:29:59.818Z,33396.53554200001,2026-09-30T01:29:59.819Z,33398.156333000006,2026-09-30T01:30:01.468Z,35046.691208000004,2026-09-30T01:30:01.472Z,35051.03541700001,2026-09-30T01:30:01.473Z,35051.401167,2026-09-30T01:30:01.473Z,35051.595667,2026-09-30T01:30:02.438Z,36016.65708300001,2026-09-30T01:30:02.439Z,36017.502917000005,2026-09-30T01:30:02.440Z,36018.779500000004,2026-09-30T01:30:02.440Z,36019.164292,2026-09-30T01:30:02.441Z,36019.273375000004,2026-09-30T01:30:02.441Z,36019.363333,CONFIRMED,False,PER_RUN_CLEANUP_UNVERIFIED
4,CREDENTIAL_PHISHING,SUSPICIOUS,"[""CREDENTIAL_PHISHING""]",true,SUCCEEDED,UNVERIFIED_POST_RUN_AUDIT,"{""sandboxId"":""solari-07cdd6abb8c05fa2540b07179bef0f1c"",""stoppedAt"":""2026-09-30T01:30:37.942Z"",""deletedAt"":""2026-09-30T01:30:37.942Z""}",,false,NOT_INVOKED,"{""startedAt"":""2026-09-30T01:30:33.931Z"",""events"":{""workerStarted"":0,""browserReady"":710.343646,""navigationStarted"":1068.657071,""pageLoaded"":1186.881407,""factsCollected"":1217.972146,""screenshotCollected"":1345.794628}}",3a7e5e30258ac21d060ae72ad976ed86c77cf4200af7995f8c5def0fe786bac5,d8baec55e6ee99045d82749a800e02d8973838c3b7457e23e4c2494e1b0bf830,212.2205410000024,31758.276499999993,2132.2338329999766,4.089000000007218,1385.164083999989,0.549250000010943,35502.280916,35502.368207999985,710.343646,358.31342500000005,118.224336,31.090738999999985,127.82248200000004,,,,2026-09-30T01:30:02.443Z,0.02916700000059791,2026-09-30T01:30:02.446Z,2.9026250000024447,2026-09-30T01:30:02.447Z,4.086666999995941,2026-09-30T01:30:02.659Z,216.30720799999835,2026-09-30T01:30:02.661Z,217.61020799999824,2026-09-30T01:30:34.419Z,31975.88670799999,2026-09-30T01:30:34.420Z,31977.004792000007,2026-09-30T01:30:36.552Z,34109.23862499998,2026-09-30T01:30:36.556Z,34113.32762499999,2026-09-30T01:30:36.557Z,34113.68954199999,2026-09-30T01:30:36.557Z,34113.883707999994,2026-09-30T01:30:37.942Z,35499.04779199998,2026-09-30T01:30:37.943Z,35499.942999999985,2026-09-30T01:30:37.944Z,35501.588291999986,2026-09-30T01:30:37.945Z,35502.137542,2026-09-30T01:30:37.945Z,35502.310083000004,2026-09-30T01:30:37.945Z,35502.397374999986,CONFIRMED,False,PER_RUN_CLEANUP_UNVERIFIED
5,CREDENTIAL_PHISHING,SUSPICIOUS,"[""CREDENTIAL_PHISHING""]",true,SUCCEEDED,UNVERIFIED_POST_RUN_AUDIT,"{""sandboxId"":""solari-89cc07f5315117e108903c69237f4288"",""stoppedAt"":""2026-09-30T01:31:14.683Z"",""deletedAt"":""2026-09-30T01:31:14.683Z""}",,false,NOT_INVOKED,"{""startedAt"":""2026-09-30T01:31:11.962Z"",""events"":{""workerStarted"":0,""browserReady"":1180.335742,""navigationStarted"":1285.84122,""pageLoaded"":1399.087821,""factsCollected"":1429.783886,""screenshotCollected"":1566.590586}}",3a7e5e30258ac21d060ae72ad976ed86c77cf4200af7995f8c5def0fe786bac5,d8baec55e6ee99045d82749a800e02d8973838c3b7457e23e4c2494e1b0bf830,225.09108300000662,33787.15483299998,2342.8532499999856,3.4261249999981374,371.58983399998397,1.1660000000265427,36739.04791700002,36739.303125000006,1180.335742,105.50547800000004,113.24660100000006,30.696064999999862,136.8067000000001,,,,2026-09-30T01:30:37.949Z,0.017582999978912994,2026-09-30T01:30:37.951Z,1.8500000000058208,2026-09-30T01:30:37.951Z,2.7217079999973066,2026-09-30T01:30:38.176Z,227.81279100000393,2026-09-30T01:30:38.177Z,228.3394580000022,2026-09-30T01:31:11.964Z,34015.49429099998,2026-09-30T01:31:11.965Z,34016.470875,2026-09-30T01:31:14.308Z,36359.324124999985,2026-09-30T01:31:14.311Z,36362.75024999998,2026-09-30T01:31:14.311Z,36362.91945799999,2026-09-30T01:31:14.311Z,36363.004916000005,2026-09-30T01:31:14.683Z,36734.59474999999,2026-09-30T01:31:14.683Z,36735.13487499999,2026-09-30T01:31:14.686Z,36737.48845799998,2026-09-30T01:31:14.687Z,36738.654458000005,2026-09-30T01:31:14.687Z,36739.0655,2026-09-30T01:31:14.688Z,36739.320707999985,CONFIRMED,False,PER_RUN_CLEANUP_UNVERIFIED
6,CREDENTIAL_PHISHING,SUSPICIOUS,"[""CREDENTIAL_PHISHING""]",true,SUCCEEDED,UNVERIFIED_POST_RUN_AUDIT,"{""sandboxId"":""solari-8e932eee1b44bdfe1603e3014cfe90af"",""stoppedAt"":""2026-09-30T01:31:53.241Z"",""deletedAt"":""2026-09-30T01:31:53.241Z""}",,false,NOT_INVOKED,"{""startedAt"":""2026-09-30T01:31:50.644Z"",""events"":{""workerStarted"":0,""browserReady"":602.169683,""navigationStarted"":739.2815479999999,""pageLoaded"":892.7190969999999,""factsCollected"":923.196199,""screenshotCollected"":1065.11654}}",3a7e5e30258ac21d060ae72ad976ed86c77cf4200af7995f8c5def0fe786bac5,d8baec55e6ee99045d82749a800e02d8973838c3b7457e23e4c2494e1b0bf830,268.44083300000057,35478.318459,1796.701625000016,4.018458000005921,996.322084000014,0.5535419999796432,38553.375666999986,38553.47624999998,602.169683,137.11186499999997,153.437549,30.47710200000006,141.920341,,,,2026-09-30T01:31:14.690Z,0.014917000022251159,2026-09-30T01:31:14.693Z,2.479209000011906,2026-09-30T01:31:14.693Z,3.0532919999968726,2026-09-30T01:31:14.962Z,271.49412499999744,2026-09-30T01:31:14.963Z,272.77425000001676,2026-09-30T01:31:50.441Z,35751.09270900002,2026-09-30T01:31:50.443Z,35753.054584,2026-09-30T01:31:52.240Z,37549.756209000014,2026-09-30T01:31:52.244Z,37553.77466700002,2026-09-30T01:31:52.244Z,37554.220499999996,2026-09-30T01:31:52.244Z,37554.440875,2026-09-30T01:31:53.241Z,38550.762959000014,2026-09-30T01:31:53.241Z,38551.365709000005,2026-09-30T01:31:53.243Z,38552.68212500002,2026-09-30T01:31:53.243Z,38553.235667,2026-09-30T01:31:53.243Z,38553.39058400001,2026-09-30T01:31:53.243Z,38553.491167,CONFIRMED,False,PER_RUN_CLEANUP_UNVERIFIED
7,CREDENTIAL_PHISHING,SUSPICIOUS,"[""CREDENTIAL_PHISHING""]",true,SUCCEEDED,UNVERIFIED_POST_RUN_AUDIT,"{""sandboxId"":""solari-9020b4b7c2c0eecb8482512fd46fe9d1"",""stoppedAt"":""2026-09-30T01:32:29.073Z"",""deletedAt"":""2026-09-30T01:32:29.073Z""}",,false,NOT_INVOKED,"{""startedAt"":""2026-09-30T01:32:26.240Z"",""events"":{""workerStarted"":0,""browserReady"":619.5609159999999,""navigationStarted"":726.7344929999999,""pageLoaded"":835.838442,""factsCollected"":865.778824,""screenshotCollected"":1001.57431}}",3a7e5e30258ac21d060ae72ad976ed86c77cf4200af7995f8c5def0fe786bac5,d8baec55e6ee99045d82749a800e02d8973838c3b7457e23e4c2494e1b0bf830,373.4602920000034,33080.969583,1541.7584579999966,4.379584000009345,820.1900000000023,0.47908399999141693,35829.40599999999,35829.531667,619.5609159999999,107.17357700000002,109.10394900000006,29.940382,135.79548599999998,,,,2026-09-30T01:31:53.247Z,0.02104200000758283,2026-09-30T01:31:53.250Z,2.685083999997005,2026-09-30T01:31:53.250Z,3.0531670000054874,2026-09-30T01:31:53.624Z,376.5134590000089,2026-09-30T01:31:53.624Z,377.13695899999584,2026-09-30T01:32:26.705Z,33458.106541999994,2026-09-30T01:32:26.706Z,33459.26154199999,2026-09-30T01:32:28.248Z,35001.01999999999,2026-09-30T01:32:28.252Z,35005.399584,2026-09-30T01:32:28.253Z,35005.97312499999,2026-09-30T01:32:28.253Z,35006.22691699999,2026-09-30T01:32:29.073Z,35826.416916999995,2026-09-30T01:32:29.074Z,35827.570167,2026-09-30T01:32:29.076Z,35828.79475,2026-09-30T01:32:29.076Z,35829.27383399999,2026-09-30T01:32:29.076Z,35829.427041999996,2026-09-30T01:32:29.076Z,35829.55270900001,CONFIRMED,False,PER_RUN_CLEANUP_UNVERIFIED
8,CREDENTIAL_PHISHING,SUSPICIOUS,"[""CREDENTIAL_PHISHING""]",true,SUCCEEDED,UNVERIFIED_POST_RUN_AUDIT,"{""sandboxId"":""solari-ec0b2d6196c5c0705305d8c55baa525f"",""stoppedAt"":""2026-09-30T01:33:02.638Z"",""deletedAt"":""2026-09-30T01:33:02.638Z""}",,false,NOT_INVOKED,"{""startedAt"":""2026-09-30T01:32:59.528Z"",""events"":{""workerStarted"":0,""browserReady"":539.7470450000001,""navigationStarted"":595.791074,""pageLoaded"":688.7358979999999,""factsCollected"":707.52683,""screenshotCollected"":833.5112139999999}}",3a7e5e30258ac21d060ae72ad976ed86c77cf4200af7995f8c5def0fe786bac5,d8baec55e6ee99045d82749a800e02d8973838c3b7457e23e4c2494e1b0bf830,197.61262500000885,30365.713709000003,1730.9332909999648,4.316167000040878,1255.0397919999668,0.43945899995742366,33561.718292000005,33561.81449999998,539.7470450000001,56.04402899999991,92.94482399999993,18.79093200000011,125.98438399999986,,,,2026-09-30T01:32:29.079Z,0.022500000020954758,2026-09-30T01:32:29.082Z,2.4058749999967404,2026-09-30T01:32:29.082Z,2.7376250000088476,2026-09-30T01:32:29.280Z,200.3502500000177,2026-09-30T01:32:29.281Z,201.29212500000722,2026-09-30T01:32:59.646Z,30567.00583400001,2026-09-30T01:32:59.647Z,30567.870209000015,2026-09-30T01:33:01.378Z,32298.80349999998,2026-09-30T01:33:01.382Z,32303.11966700002,2026-09-30T01:33:01.383Z,32303.73216700001,2026-09-30T01:33:01.383Z,32303.946042000025,2026-09-30T01:33:02.638Z,33558.98583399999,2026-09-30T01:33:02.639Z,33559.915917000035,2026-09-30T01:33:02.640Z,33561.154625000025,2026-09-30T01:33:02.641Z,33561.59408399998,2026-09-30T01:33:02.641Z,33561.740792000026,2026-09-30T01:33:02.641Z,33561.837,CONFIRMED,False,PER_RUN_CLEANUP_UNVERIFIED
9,CREDENTIAL_PHISHING,SUSPICIOUS,"[""CREDENTIAL_PHISHING""]",true,SUCCEEDED,UNVERIFIED_POST_RUN_AUDIT,"{""sandboxId"":""solari-ee34cb8bdfc628cc96958467a1687ba2"",""stoppedAt"":""2026-09-30T01:33:37.541Z"",""deletedAt"":""2026-09-30T01:33:37.541Z""}",,false,NOT_INVOKED,"{""startedAt"":""2026-09-30T01:33:34.151Z"",""events"":{""workerStarted"":0,""browserReady"":759.562948,""navigationStarted"":955.6862120000001,""pageLoaded"":1364.258636,""factsCollected"":1396.238638,""screenshotCollected"":1573.0882219999999}}",3a7e5e30258ac21d060ae72ad976ed86c77cf4200af7995f8c5def0fe786bac5,d8baec55e6ee99045d82749a800e02d8973838c3b7457e23e4c2494e1b0bf830,241.73908299999312,31974.072041000007,2127.8680420000455,2.717666999960784,547.2261249999865,0.5147090000100434,34900.449708,34900.72562499996,759.562948,196.12326400000006,408.57242399999996,31.980002000000013,176.84958399999982,,,,2026-09-30T01:33:02.644Z,0.021459000010509044,2026-09-30T01:33:02.646Z,2.218624999979511,2026-09-30T01:33:02.647Z,2.667333999997936,2026-09-30T01:33:02.888Z,244.40641699999105,2026-09-30T01:33:02.889Z,245.08808399998816,2026-09-30T01:33:34.863Z,32219.160124999995,2026-09-30T01:33:34.863Z,32219.31587499997,2026-09-30T01:33:36.991Z,34347.18391700002,2026-09-30T01:33:36.994Z,34349.90158399998,2026-09-30T01:33:36.994Z,34350.05920899997,2026-09-30T01:33:36.994Z,34350.18187500001,2026-09-30T01:33:37.541Z,34897.407999999996,2026-09-30T01:33:37.542Z,34898.19012500002,2026-09-30T01:33:37.543Z,34899.75737499999,2026-09-30T01:33:37.544Z,34900.272084,2026-09-30T01:33:37.544Z,34900.47116700001,2026-09-30T01:33:37.544Z,34900.74708399997,CONFIRMED,False,PER_RUN_CLEANUP_UNVERIFIED
10,CREDENTIAL_PHISHING,SUSPICIOUS,"[""CREDENTIAL_PHISHING""]",true,SUCCEEDED,UNVERIFIED_POST_RUN_AUDIT,"{""sandboxId"":""solari-93ff8efe6abecb270660a9ddc9b9f79c"",""stoppedAt"":""2026-09-30T01:34:12.109Z"",""deletedAt"":""2026-09-30T01:34:12.109Z""}",,false,NOT_INVOKED,"{""startedAt"":""2026-09-30T01:34:09.377Z"",""events"":{""workerStarted"":0,""browserReady"":603.949866,""navigationStarted"":699.384224,""pageLoaded"":803.886022,""factsCollected"":832.82656,""screenshotCollected"":964.103456}}",3a7e5e30258ac21d060ae72ad976ed86c77cf4200af7995f8c5def0fe786bac5,d8baec55e6ee99045d82749a800e02d8973838c3b7457e23e4c2494e1b0bf830,229.00895799999125,32214.18945799995,1643.0356669999892,3.422666999977082,466.4258330000448,0.13666699995519593,34562.27045900002,34562.31937500002,603.949866,95.43435799999997,104.50179800000001,28.940537999999947,131.27689600000008,,,,2026-09-30T01:33:37.548Z,0.01600000000325963,2026-09-30T01:33:37.551Z,2.6586670000106096,2026-09-30T01:33:37.551Z,3.0782920000492595,2026-09-30T01:33:37.780Z,232.0872500000405,2026-09-30T01:33:37.781Z,232.9042920000502,2026-09-30T01:34:09.995Z,32447.09375,2026-09-30T01:34:09.996Z,32447.644500000053,2026-09-30T01:34:11.639Z,34090.68016700004,2026-09-30T01:34:11.642Z,34094.10283400002,2026-09-30T01:34:11.642Z,34094.39008400001,2026-09-30T01:34:11.642Z,34094.495834,2026-09-30T01:34:12.109Z,34560.921667000046,2026-09-30T01:34:12.109Z,34561.18466700002,2026-09-30T01:34:12.110Z,34562.08875000005,2026-09-30T01:34:12.110Z,34562.22541700001,2026-09-30T01:34:12.110Z,34562.286459000024,2026-09-30T01:34:12.110Z,34562.335375000024,CONFIRMED,False,PER_RUN_CLEANUP_UNVERIFIED
11,CREDENTIAL_PHISHING,SUSPICIOUS,"[""CREDENTIAL_PHISHING""]",true,SUCCEEDED,UNVERIFIED_POST_RUN_AUDIT,"{""sandboxId"":""solari-8710ba0f3c0095bf1afac8db9bcf0f03"",""stoppedAt"":""2026-09-30T01:34:53.989Z"",""deletedAt"":""2026-09-30T01:34:53.989Z""}",,false,NOT_INVOKED,"{""startedAt"":""2026-09-30T01:34:50.966Z"",""events"":{""workerStarted"":0,""browserReady"":617.03503,""navigationStarted"":717.988515,""pageLoaded"":832.621131,""factsCollected"":856.483066,""screenshotCollected"":1000.833187}}",3a7e5e30258ac21d060ae72ad976ed86c77cf4200af7995f8c5def0fe786bac5,d8baec55e6ee99045d82749a800e02d8973838c3b7457e23e4c2494e1b0bf830,233.53870899998583,38808.29620899999,1738.2274159999797,3.671833999978844,1089.0353340000147,0.3190830000094138,41879.62941599998,41879.709333000006,617.03503,100.953485,114.63261599999998,23.861935000000017,144.35012099999994,,,,2026-09-30T01:34:12.112Z,0.007500000006984919,2026-09-30T01:34:12.114Z,1.9897500000079162,2026-09-30T01:34:12.115Z,2.409791000012774,2026-09-30T01:34:12.348Z,235.9484999999986,2026-09-30T01:34:12.349Z,236.13991600001464,2026-09-30T01:34:51.156Z,39044.43612500001,2026-09-30T01:34:51.158Z,39045.60162500001,2026-09-30T01:34:52.896Z,40783.82904099999,2026-09-30T01:34:52.900Z,40787.50087499997,2026-09-30T01:34:52.900Z,40787.86487499997,2026-09-30T01:34:52.900Z,40788.017291,2026-09-30T01:34:53.989Z,41877.05262500001,2026-09-30T01:34:53.990Z,41878.06174999999,2026-09-30T01:34:53.991Z,41879.21458299999,2026-09-30T01:34:53.992Z,41879.533666,2026-09-30T01:34:53.992Z,41879.63691599999,2026-09-30T01:34:53.992Z,41879.71683300001,CONFIRMED,False,PER_RUN_CLEANUP_UNVERIFIED
12,CREDENTIAL_PHISHING,SUSPICIOUS,"[""CREDENTIAL_PHISHING""]",true,SUCCEEDED,UNVERIFIED_POST_RUN_AUDIT,"{""sandboxId"":""solari-d417d9b2eb23eec62a21c6d655e03756"",""stoppedAt"":""2026-09-30T01:35:31.819Z"",""deletedAt"":""2026-09-30T01:35:31.819Z""}",,false,NOT_INVOKED,"{""startedAt"":""2026-09-30T01:35:29.184Z"",""events"":{""workerStarted"":0,""browserReady"":617.279242,""navigationStarted"":722.880923,""pageLoaded"":839.979728,""factsCollected"":868.057546,""screenshotCollected"":1013.3182680000001}}",3a7e5e30258ac21d060ae72ad976ed86c77cf4200af7995f8c5def0fe786bac5,d8baec55e6ee99045d82749a800e02d8973838c3b7457e23e4c2494e1b0bf830,466.59237500000745,34981.115416999965,1751.8121249999967,4.005416999978479,616.2864579999587,0.33424999995622784,37826.84904199996,37826.95429199998,617.279242,105.6016810000001,117.09880499999997,28.07781799999998,145.2607220000001,,,,2026-09-30T01:34:53.995Z,0.025541000009980053,2026-09-30T01:34:53.998Z,2.5949999999720603,2026-09-30T01:34:53.998Z,2.9318750000093132,2026-09-30T01:34:54.464Z,469.52425000001676,2026-09-30T01:34:54.465Z,470.45370800001547,2026-09-30T01:35:29.446Z,35451.56912499998,2026-09-30T01:35:29.447Z,35452.193791,2026-09-30T01:35:31.199Z,37204.005915999995,2026-09-30T01:35:31.203Z,37208.01133299997,2026-09-30T01:35:31.203Z,37208.340916000016,2026-09-30T01:35:31.203Z,37208.43725000002,2026-09-30T01:35:31.819Z,37824.723707999976,2026-09-30T01:35:31.820Z,37825.51995799999,2026-09-30T01:35:31.821Z,37826.36366600002,2026-09-30T01:35:31.821Z,37826.697915999976,2026-09-30T01:35:31.821Z,37826.87458299997,2026-09-30T01:35:31.822Z,37826.97983299999,CONFIRMED,False,PER_RUN_CLEANUP_UNVERIFIED
13,CREDENTIAL_PHISHING,SUSPICIOUS,"[""CREDENTIAL_PHISHING""]",true,SUCCEEDED,UNVERIFIED_POST_RUN_AUDIT,"{""sandboxId"":""solari-af1c0b32b67f2eb884960395f2a5e59e"",""stoppedAt"":""2026-09-30T01:36:07.121Z"",""deletedAt"":""2026-09-30T01:36:07.121Z""}",,false,NOT_INVOKED,"{""startedAt"":""2026-09-30T01:36:03.977Z"",""events"":{""workerStarted"":0,""browserReady"":597.2760129999999,""navigationStarted"":691.331521,""pageLoaded"":883.252314,""factsCollected"":908.130409,""screenshotCollected"":1134.9882499999999}}",3a7e5e30258ac21d060ae72ad976ed86c77cf4200af7995f8c5def0fe786bac5,d8baec55e6ee99045d82749a800e02d8973838c3b7457e23e4c2494e1b0bf830,543.5642499999958,31822.027415999968,1810.3660419999505,4.814500000036787,1110.0107919999864,0.3655840000137687,35299.00349999999,35299.09712500003,597.2760129999999,94.05550800000003,191.920793,24.87809500000003,226.8578409999999,,,,2026-09-30T01:35:31.825Z,0.017749999999068677,2026-09-30T01:35:31.828Z,2.770500000042375,2026-09-30T01:35:31.828Z,3.3677500000339933,2026-09-30T01:35:32.372Z,546.9320000000298,2026-09-30T01:35:32.373Z,547.9737090000417,2026-09-30T01:36:04.195Z,32370.00112500001,2026-09-30T01:36:04.195Z,32370.494417000038,2026-09-30T01:36:06.006Z,34180.86045899999,2026-09-30T01:36:06.010Z,34185.674959000025,2026-09-30T01:36:06.011Z,34186.02820900001,2026-09-30T01:36:06.011Z,34186.166792,2026-09-30T01:36:07.121Z,35296.17758399999,2026-09-30T01:36:07.122Z,35297.42604200001,2026-09-30T01:36:07.123Z,35298.42324999999,2026-09-30T01:36:07.124Z,35298.788834000006,2026-09-30T01:36:07.124Z,35299.02124999999,2026-09-30T01:36:07.124Z,35299.11487500003,CONFIRMED,False,PER_RUN_CLEANUP_UNVERIFIED
14,CREDENTIAL_PHISHING,SUSPICIOUS,"[""CREDENTIAL_PHISHING""]",true,SUCCEEDED,UNVERIFIED_POST_RUN_AUDIT,"{""sandboxId"":""solari-7a6728064da37ba812ab8bcc17e4be9e"",""stoppedAt"":""2026-09-30T01:36:42.597Z"",""deletedAt"":""2026-09-30T01:36:42.597Z""}",,false,NOT_INVOKED,"{""startedAt"":""2026-09-30T01:36:40.086Z"",""events"":{""workerStarted"":0,""browserReady"":622.7583269999999,""navigationStarted"":720.669851,""pageLoaded"":834.014059,""factsCollected"":858.74056,""screenshotCollected"":1009.266792}}",3a7e5e30258ac21d060ae72ad976ed86c77cf4200af7995f8c5def0fe786bac5,d8baec55e6ee99045d82749a800e02d8973838c3b7457e23e4c2494e1b0bf830,225.52320900000632,32916.61054199998,1727.2514999999548,4.070000000006985,592.3849589999882,0.3345829999889247,35473.93000000005,35474.020792000054,622.7583269999999,97.9115240000001,113.34420799999998,24.726500999999985,150.52623200000005,,,,2026-09-30T01:36:07.126Z,0.00474999996367842,2026-09-30T01:36:07.128Z,2.4088340000016615,2026-09-30T01:36:07.129Z,3.1929999999701977,2026-09-30T01:36:07.355Z,228.71620899997652,2026-09-30T01:36:07.356Z,229.9934169999906,2026-09-30T01:36:40.272Z,33146.60395899997,2026-09-30T01:36:40.273Z,33147.61041700002,2026-09-30T01:36:42.000Z,34874.86191699997,2026-09-30T01:36:42.005Z,34878.93191699998,2026-09-30T01:36:42.005Z,34879.226208999986,2026-09-30T01:36:42.005Z,34879.30325,2026-09-30T01:36:42.597Z,35471.688208999985,2026-09-30T01:36:42.598Z,35472.484083999996,2026-09-30T01:36:42.599Z,35473.47908399999,2026-09-30T01:36:42.599Z,35473.81366699998,2026-09-30T01:36:42.600Z,35473.934750000015,2026-09-30T01:36:42.600Z,35474.02554200002,CONFIRMED,False,PER_RUN_CLEANUP_UNVERIFIED
15,CREDENTIAL_PHISHING,SUSPICIOUS,"[""CREDENTIAL_PHISHING""]",true,SUCCEEDED,UNVERIFIED_POST_RUN_AUDIT,"{""sandboxId"":""solari-1928ed88db75dd46399679d90e51957d"",""stoppedAt"":""2026-09-30T01:37:17.255Z"",""deletedAt"":""2026-09-30T01:37:17.255Z""}",,false,NOT_INVOKED,"{""startedAt"":""2026-09-30T01:37:15.133Z"",""events"":{""workerStarted"":0,""browserReady"":649.944443,""navigationStarted"":745.3259049999999,""pageLoaded"":846.570198,""factsCollected"":869.841324,""screenshotCollected"":1008.193787}}",3a7e5e30258ac21d060ae72ad976ed86c77cf4200af7995f8c5def0fe786bac5,d8baec55e6ee99045d82749a800e02d8973838c3b7457e23e4c2494e1b0bf830,398.8228329999838,31967.900124999986,1684.5808330000145,3.865208000061102,593.1834169999929,0.8948330000275746,34656.72591700003,34656.88175,649.944443,95.38146199999994,101.24429300000008,23.27112599999998,138.35246300000006,,,,2026-09-30T01:36:42.603Z,0.017125000013038516,2026-09-30T01:36:42.606Z,2.1227499999804422,2026-09-30T01:36:42.606Z,2.6494999999995343,2026-09-30T01:36:43.005Z,401.47233299998334,2026-09-30T01:36:43.006Z,402.08633299998473,2026-09-30T01:37:14.973Z,32369.98645799997,2026-09-30T01:37:14.973Z,32370.255166999938,2026-09-30T01:37:16.658Z,34054.83599999995,2026-09-30T01:37:16.662Z,34058.70120800001,2026-09-30T01:37:16.662Z,34059.06337499997,2026-09-30T01:37:16.662Z,34059.207083000045,2026-09-30T01:37:17.255Z,34652.39050000004,2026-09-30T01:37:17.257Z,34653.88304199994,2026-09-30T01:37:17.259Z,34655.540125,2026-09-30T01:37:17.260Z,34656.43495800003,2026-09-30T01:37:17.260Z,34656.743042000046,2026-09-30T01:37:17.260Z,34656.89887500001,CONFIRMED,False,PER_RUN_CLEANUP_UNVERIFIED
16,CREDENTIAL_PHISHING,SUSPICIOUS,"[""CREDENTIAL_PHISHING""]",true,SUCCEEDED,UNVERIFIED_POST_RUN_AUDIT,"{""sandboxId"":""solari-5b5a58bce223ace1ba0eda69ce559161"",""stoppedAt"":""2026-09-30T01:37:52.560Z"",""deletedAt"":""2026-09-30T01:37:52.561Z""}",,false,NOT_INVOKED,"{""startedAt"":""2026-09-30T01:37:49.861Z"",""events"":{""workerStarted"":0,""browserReady"":684.1417580000001,""navigationStarted"":788.2038570000001,""pageLoaded"":901.4531770000001,""factsCollected"":928.338778,""screenshotCollected"":1075.074342}}",3a7e5e30258ac21d060ae72ad976ed86c77cf4200af7995f8c5def0fe786bac5,d8baec55e6ee99045d82749a800e02d8973838c3b7457e23e4c2494e1b0bf830,213.31637500005309,32708.322707999963,1738.3651669999817,5.045249999966472,619.6871249999385,0.1809590000193566,35291.28741700004,35291.36279200006,684.1417580000001,104.06209899999999,113.24932000000001,26.88560099999995,146.73556399999984,,,,2026-09-30T01:37:17.271Z,0.01837499998509884,2026-09-30T01:37:17.273Z,2.382833000039682,2026-09-30T01:37:17.274Z,2.728332999977283,2026-09-30T01:37:17.487Z,216.04470800003037,2026-09-30T01:37:17.488Z,217.14737500005867,2026-09-30T01:37:50.196Z,32925.47008300002,2026-09-30T01:37:50.196Z,32925.97750000004,2026-09-30T01:37:51.935Z,34664.34266700002,2026-09-30T01:37:51.940Z,34669.387916999985,2026-09-30T01:37:51.941Z,34670.10762500006,2026-09-30T01:37:51.941Z,34670.38387500006,2026-09-30T01:37:52.561Z,35290.070999999996,2026-09-30T01:37:52.561Z,35290.501792000025,2026-09-30T01:37:52.561Z,35291.03870799998,2026-09-30T01:37:52.562Z,35291.219667,2026-09-30T01:37:52.562Z,35291.30579200003,2026-09-30T01:37:52.562Z,35291.38116700004,CONFIRMED,False,PER_RUN_CLEANUP_UNVERIFIED
17,CREDENTIAL_PHISHING,SUSPICIOUS,"[""CREDENTIAL_PHISHING""]",true,SUCCEEDED,UNVERIFIED_POST_RUN_AUDIT,"{""sandboxId"":""solari-72e12491bfab8f2c697841b8a812789c"",""stoppedAt"":""2026-09-30T01:38:29.612Z"",""deletedAt"":""2026-09-30T01:38:29.612Z""}",,false,NOT_INVOKED,"{""startedAt"":""2026-09-30T01:38:25.895Z"",""events"":{""workerStarted"":0,""browserReady"":597.996282,""navigationStarted"":696.212248,""pageLoaded"":805.697669,""factsCollected"":830.09451,""screenshotCollected"":965.8156}}",3a7e5e30258ac21d060ae72ad976ed86c77cf4200af7995f8c5def0fe786bac5,d8baec55e6ee99045d82749a800e02d8973838c3b7457e23e4c2494e1b0bf830,250.06308400002308,33735.02799999993,1532.454665999976,3.1818750000093132,1520.169916999992,0.42958399991039187,37049.733708999935,37049.83966699999,597.996282,98.2159660000001,109.48542099999997,24.396840999999995,135.72109,,,,2026-09-30T01:37:52.565Z,0.015750000020489097,2026-09-30T01:37:52.568Z,3.058333999942988,2026-09-30T01:37:52.568Z,3.3856249999953434,2026-09-30T01:37:52.818Z,253.44870900001843,2026-09-30T01:37:52.820Z,254.79550000000745,2026-09-30T01:38:26.554Z,33989.82349999994,2026-09-30T01:38:26.556Z,33990.95333399996,2026-09-30T01:38:28.088Z,35523.40799999994,2026-09-30T01:38:28.091Z,35526.58987499995,2026-09-30T01:38:28.091Z,35526.73462500004,2026-09-30T01:38:28.091Z,35526.797792,2026-09-30T01:38:29.612Z,37046.96770899999,2026-09-30T01:38:29.613Z,37047.90220899996,2026-09-30T01:38:29.614Z,37049.15512500005,2026-09-30T01:38:29.614Z,37049.58470899996,2026-09-30T01:38:29.614Z,37049.749458999955,2026-09-30T01:38:29.614Z,37049.85541700001,CONFIRMED,False,PER_RUN_CLEANUP_UNVERIFIED
18,CREDENTIAL_PHISHING,SUSPICIOUS,"[""CREDENTIAL_PHISHING""]",true,SUCCEEDED,UNVERIFIED_POST_RUN_AUDIT,"{""sandboxId"":""solari-d30e268e20a9d79e9f55538bb77e91e3"",""stoppedAt"":""2026-09-30T01:39:05.258Z"",""deletedAt"":""2026-09-30T01:39:05.258Z""}",,false,NOT_INVOKED,"{""startedAt"":""2026-09-30T01:39:00.923Z"",""events"":{""workerStarted"":0,""browserReady"":622.621966,""navigationStarted"":1156.79087,""pageLoaded"":2240.025142,""factsCollected"":2269.4169389999997,""screenshotCollected"":2405.7920799999997}}",3a7e5e30258ac21d060ae72ad976ed86c77cf4200af7995f8c5def0fe786bac5,d8baec55e6ee99045d82749a800e02d8973838c3b7457e23e4c2494e1b0bf830,212.99358300003223,31757.72733299993,3148.0460000000894,4.819999999948777,515.8454170000041,0.44245899992529303,35647.384500000044,35647.45779200003,622.621966,534.168904,1083.234272,29.39179699999977,136.37514099999999,,,,2026-09-30T01:38:29.618Z,0.018832999980077147,2026-09-30T01:38:29.621Z,2.2321249999804422,2026-09-30T01:38:29.621Z,2.6144169999752194,2026-09-30T01:38:29.834Z,215.60800000000745,2026-09-30T01:38:29.835Z,216.67324999999255,2026-09-30T01:39:01.588Z,31974.400582999922,2026-09-30T01:39:01.589Z,31975.416332999943,2026-09-30T01:39:04.736Z,35123.46233300003,2026-09-30T01:39:04.741Z,35128.28233299998,2026-09-30T01:39:04.742Z,35128.83791699994,2026-09-30T01:39:04.742Z,35129.16062500002,2026-09-30T01:39:05.258Z,35645.00604200002,2026-09-30T01:39:05.259Z,35645.805166999926,2026-09-30T01:39:05.260Z,35646.820083,2026-09-30T01:39:05.260Z,35647.262541999924,2026-09-30T01:39:05.260Z,35647.403333000024,2026-09-30T01:39:05.260Z,35647.47662500001,CONFIRMED,False,PER_RUN_CLEANUP_UNVERIFIED
19,CREDENTIAL_PHISHING,SUSPICIOUS,"[""CREDENTIAL_PHISHING""]",true,SUCCEEDED,UNVERIFIED_POST_RUN_AUDIT,"{""sandboxId"":""solari-c11ca9e69dc35e8d2cda63f297b6c9b8"",""stoppedAt"":""2026-09-30T01:39:41.029Z"",""deletedAt"":""2026-09-30T01:39:41.029Z""}",,false,NOT_INVOKED,"{""startedAt"":""2026-09-30T01:39:37.238Z"",""events"":{""workerStarted"":0,""browserReady"":910.9517989999999,""navigationStarted"":1103.449509,""pageLoaded"":1850.653763,""factsCollected"":1877.114802,""screenshotCollected"":2015.5841039999998}}",3a7e5e30258ac21d060ae72ad976ed86c77cf4200af7995f8c5def0fe786bac5,d8baec55e6ee99045d82749a800e02d8973838c3b7457e23e4c2494e1b0bf830,324.4549579999875,31979.429707999923,2883.0315829999745,3.1064580000238493,571.2976250000065,0.6050000000977889,35770.29054199997,35770.47987499996,910.9517989999999,192.4977100000001,747.204254,26.461039000000028,138.46930199999974,,,,2026-09-30T01:39:05.264Z,0.02045800001360476,2026-09-30T01:39:05.267Z,2.600332999951206,2026-09-30T01:39:05.267Z,2.8854999999748543,2026-09-30T01:39:05.592Z,327.3404579999624,2026-09-30T01:39:05.593Z,328.409083000035,2026-09-30T01:39:37.571Z,32307.83879099996,2026-09-30T01:39:37.571Z,32308.76012500003,2026-09-30T01:39:40.454Z,35191.791708000004,2026-09-30T01:39:40.458Z,35194.89816600003,2026-09-30T01:39:40.458Z,35195.23037500004,2026-09-30T01:39:40.458Z,35195.33716600004,2026-09-30T01:39:41.029Z,35766.63479100005,2026-09-30T01:39:41.030Z,35767.871208,2026-09-30T01:39:41.032Z,35769.24687499995,2026-09-30T01:39:41.032Z,35769.85187500005,2026-09-30T01:39:41.033Z,35770.31099999999,2026-09-30T01:39:41.033Z,35770.500332999974,CONFIRMED,False,PER_RUN_CLEANUP_UNVERIFIED
20,CREDENTIAL_PHISHING,SUSPICIOUS,"[""CREDENTIAL_PHISHING""]",true,SUCCEEDED,UNVERIFIED_POST_RUN_AUDIT,"{""sandboxId"":""solari-ec7f01cd590b5cd9f09ecf2b85170e6e"",""stoppedAt"":""2026-09-30T01:40:17.793Z"",""deletedAt"":""2026-09-30T01:40:17.793Z""}",,false,NOT_INVOKED,"{""startedAt"":""2026-09-30T01:40:14.341Z"",""events"":{""workerStarted"":0,""browserReady"":627.428627,""navigationStarted"":729.7583010000001,""pageLoaded"":836.550258,""factsCollected"":867.6685640000001,""screenshotCollected"":1006.6619720000001}}",3a7e5e30258ac21d060ae72ad976ed86c77cf4200af7995f8c5def0fe786bac5,d8baec55e6ee99045d82749a800e02d8973838c3b7457e23e4c2494e1b0bf830,392.5687499999767,33131.15704199998,1669.9956250000978,2.750207999954,1555.3044579999987,0.28829199995379895,36759.06825000001,36759.14529200003,627.428627,102.32967400000007,106.79195699999991,31.118306000000075,138.99340800000004,,,,2026-09-30T01:39:41.037Z,0.012457999982871115,2026-09-30T01:39:41.039Z,2.2793330000713468,2026-09-30T01:39:41.039Z,2.5722500000847504,2026-09-30T01:39:41.432Z,395.14100000006147,2026-09-30T01:39:41.433Z,396.1135830000276,2026-09-30T01:40:14.564Z,33527.270625000005,2026-09-30T01:40:14.564Z,33528.172499999986,2026-09-30T01:40:16.234Z,35198.168125000084,2026-09-30T01:40:16.237Z,35200.91833300004,2026-09-30T01:40:16.237Z,35201.044250000035,2026-09-30T01:40:16.237Z,35201.11162500002,2026-09-30T01:40:17.793Z,36756.41608300002,2026-09-30T01:40:17.794Z,36757.366750000045,2026-09-30T01:40:17.795Z,36758.69958300004,2026-09-30T01:40:17.795Z,36758.98787499999,2026-09-30T01:40:17.795Z,36759.080707999994,2026-09-30T01:40:17.795Z,36759.15775000001,CONFIRMED,False,PER_RUN_CLEANUP_UNVERIFIED
21,CREDENTIAL_PHISHING,SUSPICIOUS,"[""CREDENTIAL_PHISHING""]",true,SUCCEEDED,UNVERIFIED_POST_RUN_AUDIT,"{""sandboxId"":""solari-df2e9a76f0072ad3d499577be5c90a24"",""stoppedAt"":""2026-09-30T01:40:53.259Z"",""deletedAt"":""2026-09-30T01:40:53.259Z""}",,false,NOT_INVOKED,"{""startedAt"":""2026-09-30T01:40:51.425Z"",""events"":{""workerStarted"":0,""browserReady"":600.548316,""navigationStarted"":701.4271269999999,""pageLoaded"":797.012209,""factsCollected"":825.346549,""screenshotCollected"":961.804683}}",3a7e5e30258ac21d060ae72ad976ed86c77cf4200af7995f8c5def0fe786bac5,d8baec55e6ee99045d82749a800e02d8973838c3b7457e23e4c2494e1b0bf830,209.78837500000373,33263.442625000025,1507.3879159999778,2.3834999999962747,471.3592919999501,0.28362500004004687,35461.887916999985,35461.94208299997,600.548316,100.87881099999993,95.58508200000006,28.334339999999997,136.45813399999997,,,,2026-09-30T01:40:17.799Z,0.015625,2026-09-30T01:40:17.803Z,3.134542000014335,2026-09-30T01:40:17.803Z,3.4761670000152662,2026-09-30T01:40:18.013Z,213.264542000019,2026-09-30T01:40:18.013Z,213.75458299997263,2026-09-30T01:40:51.276Z,33477.197208,2026-09-30T01:40:51.277Z,33478.32241699996,2026-09-30T01:40:52.785Z,34985.71033299994,2026-09-30T01:40:52.787Z,34988.09383299993,2026-09-30T01:40:52.787Z,34988.21508300002,2026-09-30T01:40:52.787Z,34988.29820800002,2026-09-30T01:40:53.259Z,35459.65749999997,2026-09-30T01:40:53.260Z,35460.57129200001,2026-09-30T01:40:53.261Z,35461.52887499996,2026-09-30T01:40:53.261Z,35461.8125,2026-09-30T01:40:53.261Z,35461.903541999985,2026-09-30T01:40:53.261Z,35461.95770799997,CONFIRMED,False,PER_RUN_CLEANUP_UNVERIFIED
22,CREDENTIAL_PHISHING,SUSPICIOUS,"[""CREDENTIAL_PHISHING""]",true,SUCCEEDED,UNVERIFIED_POST_RUN_AUDIT,"{""sandboxId"":""solari-8dac784d8ff214dcd6ab8d3bb91ada2e"",""stoppedAt"":""2026-09-30T01:41:29.435Z"",""deletedAt"":""2026-09-30T01:41:29.435Z""}",,false,NOT_INVOKED,"{""startedAt"":""2026-09-30T01:41:25.698Z"",""events"":{""workerStarted"":0,""browserReady"":623.527871,""navigationStarted"":724.3650369999999,""pageLoaded"":826.718803,""factsCollected"":857.86277,""screenshotCollected"":994.6106199999999}}",3a7e5e30258ac21d060ae72ad976ed86c77cf4200af7995f8c5def0fe786bac5,d8baec55e6ee99045d82749a800e02d8973838c3b7457e23e4c2494e1b0bf830,400.4436249999562,32530.676915999968,1705.3061659999657,4.602834000019357,1523.985832999926,0.5384580000536516,36174.29791700002,36174.40500000003,623.527871,100.83716599999991,102.35376600000006,31.143966999999975,136.74784999999997,,,,2026-09-30T01:40:53.264Z,0.008082999964244664,2026-09-30T01:40:53.267Z,2.9953329999698326,2026-09-30T01:40:53.267Z,3.317415999947116,2026-09-30T01:40:53.667Z,403.76104099990334,2026-09-30T01:40:53.669Z,404.99474999995437,2026-09-30T01:41:26.199Z,32935.67166599992,2026-09-30T01:41:26.200Z,32936.643124999944,2026-09-30T01:41:27.905Z,34641.94929099991,2026-09-30T01:41:27.910Z,34646.55212499993,2026-09-30T01:41:27.910Z,34647.25099999993,2026-09-30T01:41:27.911Z,34647.53308299999,2026-09-30T01:41:29.435Z,36171.51891599991,2026-09-30T01:41:29.436Z,36172.34049999993,2026-09-30T01:41:29.437Z,36173.60670799995,2026-09-30T01:41:29.437Z,36174.145166,2026-09-30T01:41:29.437Z,36174.30599999998,2026-09-30T01:41:29.438Z,36174.41308299999,CONFIRMED,False,PER_RUN_CLEANUP_UNVERIFIED
23,CREDENTIAL_PHISHING,SUSPICIOUS,"[""CREDENTIAL_PHISHING""]",true,SUCCEEDED,UNVERIFIED_POST_RUN_AUDIT,"{""sandboxId"":""solari-318e66e62facbea35151bf36ddf1d237"",""stoppedAt"":""2026-09-30T01:42:04.171Z"",""deletedAt"":""2026-09-30T01:42:04.171Z""}",,false,NOT_INVOKED,"{""startedAt"":""2026-09-30T01:42:01.455Z"",""events"":{""workerStarted"":0,""browserReady"":718.31875,""navigationStarted"":813.0896809999999,""pageLoaded"":914.382222,""factsCollected"":941.62814,""screenshotCollected"":1078.793596}}",3a7e5e30258ac21d060ae72ad976ed86c77cf4200af7995f8c5def0fe786bac5,d8baec55e6ee99045d82749a800e02d8973838c3b7457e23e4c2494e1b0bf830,226.41958300000988,32264.91629199998,1765.1214159999508,3.2750839999644086,464.2168750000419,0.28141699999105185,34731.77574999991,34731.84837499994,718.31875,94.7709309999999,101.29254100000003,27.245918000000074,137.16545599999995,,,,2026-09-30T01:41:29.442Z,0.016666000010445714,2026-09-30T01:41:29.445Z,2.903249999973923,2026-09-30T01:41:29.446Z,3.309374999953434,2026-09-30T01:41:29.672Z,229.7289579999633,2026-09-30T01:41:29.673Z,230.72345799999312,2026-09-30T01:42:01.938Z,32495.639749999973,2026-09-30T01:42:01.939Z,32496.598624999984,2026-09-30T01:42:03.704Z,34261.720040999935,2026-09-30T01:42:03.707Z,34264.9951249999,2026-09-30T01:42:03.707Z,34265.172166000004,2026-09-30T01:42:03.707Z,34265.23654099996,2026-09-30T01:42:04.171Z,34729.453416000004,2026-09-30T01:42:04.172Z,34730.30554099998,2026-09-30T01:42:04.173Z,34731.42704099999,2026-09-30T01:42:04.174Z,34731.70845799998,2026-09-30T01:42:04.174Z,34731.792415999924,2026-09-30T01:42:04.174Z,34731.86504099995,CONFIRMED,False,PER_RUN_CLEANUP_UNVERIFIED
24,CREDENTIAL_PHISHING,SUSPICIOUS,"[""CREDENTIAL_PHISHING""]",true,SUCCEEDED,UNVERIFIED_POST_RUN_AUDIT,"{""sandboxId"":""solari-fd2d72361e5448dc870c74ec5780c35e"",""stoppedAt"":""2026-09-30T01:42:41.787Z"",""deletedAt"":""2026-09-30T01:42:41.787Z""}",,false,NOT_INVOKED,"{""startedAt"":""2026-09-30T01:42:39.091Z"",""events"":{""workerStarted"":0,""browserReady"":624.778865,""navigationStarted"":730.1442079999999,""pageLoaded"":857.960753,""factsCollected"":883.2746159999999,""screenshotCollected"":1036.7983470000001}}",3a7e5e30258ac21d060ae72ad976ed86c77cf4200af7995f8c5def0fe786bac5,d8baec55e6ee99045d82749a800e02d8973838c3b7457e23e4c2494e1b0bf830,382.4685419999296,34932.59879099997,1609.8013749999227,2.7555420000571758,676.7332500000484,0.4027089999290183,37612.24433300004,37612.320042000036,624.778865,105.36534299999994,127.81654500000002,25.31386299999997,153.52373100000023,,,,2026-09-30T01:42:04.178Z,0.01670799998100847,2026-09-30T01:42:04.181Z,2.74308300006669,2026-09-30T01:42:04.181Z,3.0694160000421107,2026-09-30T01:42:04.563Z,385.5379579999717,2026-09-30T01:42:04.565Z,386.5726250000298,2026-09-30T01:42:39.497Z,35319.171416,2026-09-30T01:42:39.498Z,35320.01583300007,2026-09-30T01:42:41.107Z,36929.81720799999,2026-09-30T01:42:41.110Z,36932.57275000005,2026-09-30T01:42:41.110Z,36932.74337499996,2026-09-30T01:42:41.110Z,36932.860583,2026-09-30T01:42:41.787Z,37609.59383300005,2026-09-30T01:42:41.788Z,37610.47870800004,2026-09-30T01:42:41.789Z,37611.74629100005,2026-09-30T01:42:41.790Z,37612.148999999976,2026-09-30T01:42:41.790Z,37612.26104100002,2026-09-30T01:42:41.790Z,37612.33675000002,CONFIRMED,False,PER_RUN_CLEANUP_UNVERIFIED
25,CREDENTIAL_PHISHING,SUSPICIOUS,"[""CREDENTIAL_PHISHING""]",true,SUCCEEDED,UNVERIFIED_POST_RUN_AUDIT,"{""sandboxId"":""solari-1ddcdb34092822a7069f8e4c452b6e32"",""stoppedAt"":""2026-09-30T01:43:19.670Z"",""deletedAt"":""2026-09-30T01:43:19.670Z""}",,false,NOT_INVOKED,"{""startedAt"":""2026-09-30T01:43:16.940Z"",""events"":{""workerStarted"":0,""browserReady"":601.609906,""navigationStarted"":701.4151880000001,""pageLoaded"":817.007731,""factsCollected"":841.0024540000001,""screenshotCollected"":974.174158}}",3a7e5e30258ac21d060ae72ad976ed86c77cf4200af7995f8c5def0fe786bac5,d8baec55e6ee99045d82749a800e02d8973838c3b7457e23e4c2494e1b0bf830,228.25816600001417,34784.474624999915,1722.6109579999465,2.6631250000791624,1133.3857500000158,0.48862499999813735,37879.701332999975,37879.836165999994,601.609906,99.80528200000003,115.59254299999998,23.994723000000022,133.17170399999998,,,,2026-09-30T01:42:41.794Z,0.023917000042274594,2026-09-30T01:42:41.796Z,2.51500000001397,2026-09-30T01:42:41.797Z,2.7389170000096783,2026-09-30T01:42:42.025Z,230.99708300002385,2026-09-30T01:42:42.026Z,231.91908300004434,2026-09-30T01:43:16.810Z,35016.39370799996,2026-09-30T01:43:16.811Z,35017.31566700002,2026-09-30T01:43:18.533Z,36739.926624999964,2026-09-30T01:43:18.536Z,36742.58975000004,2026-09-30T01:43:18.536Z,36742.79833300004,2026-09-30T01:43:18.536Z,36742.98124999995,2026-09-30T01:43:19.670Z,37876.36699999997,2026-09-30T01:43:19.671Z,37877.556667000055,2026-09-30T01:43:19.673Z,37879.09016699996,2026-09-30T01:43:19.673Z,37879.57879199996,2026-09-30T01:43:19.673Z,37879.72525000002,2026-09-30T01:43:19.673Z,37879.860083000036,CONFIRMED,False,PER_RUN_CLEANUP_UNVERIFIED
26,CREDENTIAL_PHISHING,SUSPICIOUS,"[""CREDENTIAL_PHISHING""]",true,SUCCEEDED,UNVERIFIED_POST_RUN_AUDIT,"{""sandboxId"":""solari-f8aa2e76f586d3d7bd25f86d9d332816"",""stoppedAt"":""2026-09-30T01:43:54.693Z"",""deletedAt"":""2026-09-30T01:43:54.694Z""}",,false,NOT_INVOKED,"{""startedAt"":""2026-09-30T01:43:51.318Z"",""events"":{""workerStarted"":0,""browserReady"":616.369691,""navigationStarted"":719.720367,""pageLoaded"":827.636163,""factsCollected"":860.550953,""screenshotCollected"":1003.7323590000001}}",3a7e5e30258ac21d060ae72ad976ed86c77cf4200af7995f8c5def0fe786bac5,d8baec55e6ee99045d82749a800e02d8973838c3b7457e23e4c2494e1b0bf830,212.85529199999291,32141.30483300006,1739.6322090000613,3.8074999999953434,911.0944999998901,0.5212499999906868,35016.77891700005,35016.87575000001,616.369691,103.35067600000002,107.915796,32.91479000000004,143.18140600000004,,,,2026-09-30T01:43:19.680Z,0.01570799993351102,2026-09-30T01:43:19.683Z,2.762916999985464,2026-09-30T01:43:19.683Z,3.1259579999605194,2026-09-30T01:43:19.896Z,215.98124999995343,2026-09-30T01:43:19.897Z,217.06716699991375,2026-09-30T01:43:52.038Z,32358.371999999974,2026-09-30T01:43:52.039Z,32359.22933299991,2026-09-30T01:43:53.778Z,34098.86154199997,2026-09-30T01:43:53.782Z,34102.669041999965,2026-09-30T01:43:53.782Z,34102.980332999956,2026-09-30T01:43:53.783Z,34103.10708300001,2026-09-30T01:43:54.694Z,35014.2015829999,2026-09-30T01:43:54.695Z,35015.231541999965,2026-09-30T01:43:54.696Z,35016.12187499995,2026-09-30T01:43:54.696Z,35016.643124999944,2026-09-30T01:43:54.696Z,35016.79462499998,2026-09-30T01:43:54.696Z,35016.89145799994,CONFIRMED,False,PER_RUN_CLEANUP_UNVERIFIED
27,CREDENTIAL_PHISHING,SUSPICIOUS,"[""CREDENTIAL_PHISHING""]",true,SUCCEEDED,UNVERIFIED_POST_RUN_AUDIT,"{""sandboxId"":""solari-ce3f566a6ec750f00743b971fe68b3ec"",""stoppedAt"":""2026-09-30T01:44:31.359Z"",""deletedAt"":""2026-09-30T01:44:31.359Z""}",,false,NOT_INVOKED,"{""startedAt"":""2026-09-30T01:44:27.158Z"",""events"":{""workerStarted"":0,""browserReady"":616.218414,""navigationStarted"":867.193029,""pageLoaded"":1555.4635680000001,""factsCollected"":1581.3927390000001,""screenshotCollected"":1729.50388}}",3a7e5e30258ac21d060ae72ad976ed86c77cf4200af7995f8c5def0fe786bac5,d8baec55e6ee99045d82749a800e02d8973838c3b7457e23e4c2494e1b0bf830,189.3927079999121,33006.63283399993,2294.970083000022,2.607791999937035,1159.6625829999102,0.7387079999316484,36662.25254100002,36662.365583000006,616.218414,250.97461499999997,688.2705390000001,25.929170999999997,148.11114099999986,,,,2026-09-30T01:43:54.701Z,0.019792000064626336,2026-09-30T01:43:54.704Z,3.3593330000294372,2026-09-30T01:43:54.705Z,3.842750000068918,2026-09-30T01:43:54.894Z,193.235457999981,2026-09-30T01:43:54.895Z,193.75883300008718,2026-09-30T01:44:27.901Z,33200.39166700002,2026-09-30T01:44:27.902Z,33201.45854200004,2026-09-30T01:44:30.197Z,35496.42862500006,2026-09-30T01:44:30.199Z,35499.036416999996,2026-09-30T01:44:30.200Z,35499.19529200008,2026-09-30T01:44:30.200Z,35499.267792000086,2026-09-30T01:44:31.359Z,36658.930374999996,2026-09-30T01:44:31.360Z,36659.99466700002,2026-09-30T01:44:31.362Z,36661.30816700007,2026-09-30T01:44:31.362Z,36662.046875,2026-09-30T01:44:31.363Z,36662.27233300009,2026-09-30T01:44:31.363Z,36662.38537500007,CONFIRMED,False,PER_RUN_CLEANUP_UNVERIFIED
28,CREDENTIAL_PHISHING,SUSPICIOUS,"[""CREDENTIAL_PHISHING""]",true,SUCCEEDED,UNVERIFIED_POST_RUN_AUDIT,"{""sandboxId"":""solari-b1592cb68528b90cc064bcb44036b9b4"",""stoppedAt"":""2026-09-30T01:45:08.591Z"",""deletedAt"":""2026-09-30T01:45:08.591Z""}",,false,NOT_INVOKED,"{""startedAt"":""2026-09-30T01:45:05.359Z"",""events"":{""workerStarted"":0,""browserReady"":588.343515,""navigationStarted"":681.795739,""pageLoaded"":784.604967,""factsCollected"":808.124127,""screenshotCollected"":941.017633}}",3a7e5e30258ac21d060ae72ad976ed86c77cf4200af7995f8c5def0fe786bac5,d8baec55e6ee99045d82749a800e02d8973838c3b7457e23e4c2494e1b0bf830,209.36858399992343,34202.21833299997,1660.3778750000056,3.302207999979146,1144.513583999942,0.37762500008102506,37227.83916600002,37227.94320800004,588.343515,93.452224,102.80922799999996,23.519160000000056,132.893506,,,,2026-09-30T01:44:31.366Z,0.014583999989554286,2026-09-30T01:44:31.369Z,2.8708750000223517,2026-09-30T01:44:31.369Z,3.1658750000642613,2026-09-30T01:44:31.578Z,212.5344589999877,2026-09-30T01:44:31.580Z,213.86370900005568,2026-09-30T01:45:05.782Z,34416.082042000024,2026-09-30T01:45:05.782Z,34416.797709000064,2026-09-30T01:45:07.443Z,36077.17558400007,2026-09-30T01:45:07.446Z,36080.47779200005,2026-09-30T01:45:07.446Z,36080.66695900005,2026-09-30T01:45:07.446Z,36080.74825000006,2026-09-30T01:45:08.591Z,37225.261834000004,2026-09-30T01:45:08.592Z,37226.124583999976,2026-09-30T01:45:08.593Z,37227.337084,2026-09-30T01:45:08.593Z,37227.71470900008,2026-09-30T01:45:08.593Z,37227.85375000001,2026-09-30T01:45:08.593Z,37227.95779200003,CONFIRMED,False,PER_RUN_CLEANUP_UNVERIFIED
29,CREDENTIAL_PHISHING,SUSPICIOUS,"[""CREDENTIAL_PHISHING""]",true,SUCCEEDED,UNVERIFIED_POST_RUN_AUDIT,"{""sandboxId"":""solari-3d2d27df38d8c7a0fbe30c7011d96ffb"",""stoppedAt"":""2026-09-30T01:45:44.466Z"",""deletedAt"":""2026-09-30T01:45:44.466Z""}",,false,NOT_INVOKED,"{""startedAt"":""2026-09-30T01:45:41.594Z"",""events"":{""workerStarted"":0,""browserReady"":625.767953,""navigationStarted"":776.686251,""pageLoaded"":896.3230609999999,""factsCollected"":929.167731,""screenshotCollected"":1067.361697}}",3a7e5e30258ac21d060ae72ad976ed86c77cf4200af7995f8c5def0fe786bac5,d8baec55e6ee99045d82749a800e02d8973838c3b7457e23e4c2494e1b0bf830,206.33024999999907,33429.54662499996,1809.0710829999298,4.271042000036687,413.48325000004843,0.21216699993237853,35870.85266700003,35870.99883300008,625.767953,150.91829799999994,119.63680999999997,32.844670000000065,138.19396600000005,,,,2026-09-30T01:45:08.597Z,0.01875000004656613,2026-09-30T01:45:08.601Z,3.171875,2026-09-30T01:45:08.601Z,3.5040420000441372,2026-09-30T01:45:08.807Z,209.8342920000432,2026-09-30T01:45:08.808Z,211.03558300004806,2026-09-30T01:45:42.238Z,33640.58220800001,2026-09-30T01:45:42.239Z,33641.95841700013,2026-09-30T01:45:44.048Z,35451.02950000006,2026-09-30T01:45:44.052Z,35455.3005420001,2026-09-30T01:45:44.053Z,35455.621333000134,2026-09-30T01:45:44.053Z,35455.72020800004,2026-09-30T01:45:44.466Z,35869.20345800009,2026-09-30T01:45:44.467Z,35869.82366699993,2026-09-30T01:45:44.468Z,35870.57950000011,2026-09-30T01:45:44.468Z,35870.79166700004,2026-09-30T01:45:44.468Z,35870.871417000075,2026-09-30T01:45:44.468Z,35871.017583000124,CONFIRMED,False,PER_RUN_CLEANUP_UNVERIFIED
30,CREDENTIAL_PHISHING,SUSPICIOUS,"[""CREDENTIAL_PHISHING""]",true,SUCCEEDED,UNVERIFIED_POST_RUN_AUDIT,"{""sandboxId"":""solari-bc6e42aeed4e3b96a0ae49bfce90236f"",""stoppedAt"":""2026-09-30T01:46:19.173Z"",""deletedAt"":""2026-09-30T01:46:19.173Z""}",,false,NOT_INVOKED,"{""startedAt"":""2026-09-30T01:46:16.406Z"",""events"":{""workerStarted"":0,""browserReady"":599.86123,""navigationStarted"":693.711869,""pageLoaded"":901.007486,""factsCollected"":922.688899,""screenshotCollected"":1141.6679100000001}}",3a7e5e30258ac21d060ae72ad976ed86c77cf4200af7995f8c5def0fe786bac5,d8baec55e6ee99045d82749a800e02d8973838c3b7457e23e4c2494e1b0bf830,286.73795800004154,32191.956042000093,1724.444042000221,3.168874999973923,490.6849579999689,0.463416000129655,34705.91225000005,34706.01991600008,599.86123,93.850639,207.295617,21.68141300000002,218.97901100000013,,,,2026-09-30T01:45:44.471Z,0.0063749998807907104,2026-09-30T01:45:44.474Z,2.8480829999316484,2026-09-30T01:45:44.474Z,3.0515829999931157,2026-09-30T01:45:44.760Z,289.78954100003466,2026-09-30T01:45:44.762Z,291.5005409999285,2026-09-30T01:46:16.954Z,32483.45658300002,2026-09-30T01:46:16.955Z,32484.417540999828,2026-09-30T01:46:18.679Z,34208.86158300005,2026-09-30T01:46:18.682Z,34212.03045800002,2026-09-30T01:46:18.682Z,34212.16104099993,2026-09-30T01:46:18.683Z,34212.2763749999,2026-09-30T01:46:19.173Z,34702.96133299987,2026-09-30T01:46:19.174Z,34703.91804099991,2026-09-30T01:46:19.176Z,34705.27312499983,2026-09-30T01:46:19.176Z,34705.73654099996,2026-09-30T01:46:19.176Z,34705.91862499993,2026-09-30T01:46:19.176Z,34706.02629099996,CONFIRMED,False,PER_RUN_CLEANUP_UNVERIFIED
31,CREDENTIAL_PHISHING,SUSPICIOUS,"[""CREDENTIAL_PHISHING""]",true,SUCCEEDED,UNVERIFIED_POST_RUN_AUDIT,"{""sandboxId"":""solari-b95c0569d9205454a1ffe0cc5ca88637"",""stoppedAt"":""2026-09-30T01:46:57.278Z"",""deletedAt"":""2026-09-30T01:46:57.278Z""}",,false,NOT_INVOKED,"{""startedAt"":""2026-09-30T01:46:53.654Z"",""events"":{""workerStarted"":0,""browserReady"":673.2833300000001,""navigationStarted"":778.477076,""pageLoaded"":887.339411,""factsCollected"":914.317197,""screenshotCollected"":1057.9554120000003}}",3a7e5e30258ac21d060ae72ad976ed86c77cf4200af7995f8c5def0fe786bac5,d8baec55e6ee99045d82749a800e02d8973838c3b7457e23e4c2494e1b0bf830,401.93512500007637,34498.20904100011,2576.7821669999976,4.670958000002429,609.9661250000354,0.20741700008511543,38099.653750000056,38099.69695800007,673.2833300000001,105.19374599999992,108.86233500000003,26.977785999999924,143.6382150000003,,,,2026-09-30T01:46:19.181Z,0.015332999872043729,2026-09-30T01:46:19.184Z,3.2741659998428077,2026-09-30T01:46:19.185Z,3.853624999988824,2026-09-30T01:46:19.586Z,405.7887500000652,2026-09-30T01:46:19.587Z,406.6339999998454,2026-09-30T01:46:54.085Z,34904.84304099996,2026-09-30T01:46:54.086Z,34905.72583299992,2026-09-30T01:46:56.663Z,37482.507999999914,2026-09-30T01:46:56.667Z,37487.17895799992,2026-09-30T01:46:56.668Z,37487.801165999845,2026-09-30T01:46:56.668Z,37488.087415999966,2026-09-30T01:46:57.278Z,38098.053541,2026-09-30T01:46:57.279Z,38098.488291000016,2026-09-30T01:46:57.280Z,38099.40791599988,2026-09-30T01:46:57.280Z,38099.615332999965,2026-09-30T01:46:57.280Z,38099.66908299993,2026-09-30T01:46:57.280Z,38099.712290999945,CONFIRMED,False,PER_RUN_CLEANUP_UNVERIFIED
32,CREDENTIAL_PHISHING,SUSPICIOUS,"[""CREDENTIAL_PHISHING""]",true,SUCCEEDED,UNVERIFIED_POST_RUN_AUDIT,"{""sandboxId"":""solari-e37d21446687a899b0f0f166f9392ca1"",""stoppedAt"":""2026-09-30T01:47:32.237Z"",""deletedAt"":""2026-09-30T01:47:32.238Z""}",,false,NOT_INVOKED,"{""startedAt"":""2026-09-30T01:47:29.739Z"",""events"":{""workerStarted"":0,""browserReady"":599.595314,""navigationStarted"":692.864991,""pageLoaded"":801.858663,""factsCollected"":824.50249,""screenshotCollected"":968.664346}}",3a7e5e30258ac21d060ae72ad976ed86c77cf4200af7995f8c5def0fe786bac5,d8baec55e6ee99045d82749a800e02d8973838c3b7457e23e4c2494e1b0bf830,391.2104999998119,32573.2564999999,1504.0874580000527,3.0360000000800937,478.3171670001466,0.6428749999031425,34957.72841600003,34957.9089579999,599.595314,93.269677,108.99367199999995,22.643826999999987,144.16185600000006,,,,2026-09-30T01:46:57.283Z,0.0070420000702142715,2026-09-30T01:46:57.286Z,2.4459170000627637,2026-09-30T01:46:57.286Z,2.6761670000851154,2026-09-30T01:46:57.677Z,393.886666999897,2026-09-30T01:46:57.678Z,394.8547920000274,2026-09-30T01:47:30.251Z,32968.11129199993,2026-09-30T01:47:30.252Z,32968.94262499991,2026-09-30T01:47:31.756Z,34473.03008299996,2026-09-30T01:47:31.759Z,34476.06608300004,2026-09-30T01:47:31.759Z,34476.23066699994,2026-09-30T01:47:31.759Z,34476.30324999988,2026-09-30T01:47:32.238Z,34954.62041700003,2026-09-30T01:47:32.239Z,34955.558082999894,2026-09-30T01:47:32.240Z,34956.883667000104,2026-09-30T01:47:32.240Z,34957.52654200001,2026-09-30T01:47:32.241Z,34957.7354580001,2026-09-30T01:47:32.241Z,34957.91599999997,CONFIRMED,False,PER_RUN_CLEANUP_UNVERIFIED
33,CREDENTIAL_PHISHING,SUSPICIOUS,"[""CREDENTIAL_PHISHING""]",true,SUCCEEDED,UNVERIFIED_POST_RUN_AUDIT,"{""sandboxId"":""solari-d94b95fc6e26c0de76af13d7c07a654a"",""stoppedAt"":""2026-09-30T01:48:12.691Z"",""deletedAt"":""2026-09-30T01:48:12.691Z""}",,false,NOT_INVOKED,"{""startedAt"":""2026-09-30T01:48:08.239Z"",""events"":{""workerStarted"":0,""browserReady"":1041.035642,""navigationStarted"":1723.351121,""pageLoaded"":2413.2868350000003,""factsCollected"":2445.50167,""screenshotCollected"":2590.018868}}",3a7e5e30258ac21d060ae72ad976ed86c77cf4200af7995f8c5def0fe786bac5,d8baec55e6ee99045d82749a800e02d8973838c3b7457e23e4c2494e1b0bf830,196.17695799982175,36074.765083000064,3428.5668339999393,4.492375000147149,737.2562909999397,0.15237500006332994,40447.716125000035,40447.765208000084,1041.035642,682.3154789999999,689.9357140000004,32.214834999999766,144.517198,,,,2026-09-30T01:47:32.245Z,0.011999999871477485,2026-09-30T01:47:32.248Z,3.0855829999782145,2026-09-30T01:47:32.249Z,3.368583000032231,2026-09-30T01:47:32.445Z,199.54554099985398,2026-09-30T01:47:32.445Z,200.21845799987204,2026-09-30T01:48:08.520Z,36274.983540999936,2026-09-30T01:48:08.520Z,36275.58991599991,2026-09-30T01:48:11.949Z,39704.15674999985,2026-09-30T01:48:11.953Z,39708.649124999996,2026-09-30T01:48:11.954Z,39708.90266599995,2026-09-30T01:48:11.954Z,39708.97987499996,2026-09-30T01:48:12.691Z,40446.2361659999,2026-09-30T01:48:12.691Z,40446.670790999895,2026-09-30T01:48:12.692Z,40447.51945799985,2026-09-30T01:48:12.692Z,40447.67183299991,2026-09-30T01:48:12.693Z,40447.72812499991,2026-09-30T01:48:12.693Z,40447.777207999956,CONFIRMED,False,PER_RUN_CLEANUP_UNVERIFIED
34,CREDENTIAL_PHISHING,SUSPICIOUS,"[""CREDENTIAL_PHISHING""]",true,SUCCEEDED,UNVERIFIED_POST_RUN_AUDIT,"{""sandboxId"":""solari-afc14479f257e7579e1217054a8df4b7"",""stoppedAt"":""2026-09-30T01:48:48.266Z"",""deletedAt"":""2026-09-30T01:48:48.266Z""}",,false,NOT_INVOKED,"{""startedAt"":""2026-09-30T01:48:45.741Z"",""events"":{""workerStarted"":0,""browserReady"":720.587569,""navigationStarted"":824.817597,""pageLoaded"":960.639327,""factsCollected"":994.016258,""screenshotCollected"":1136.589874}}",3a7e5e30258ac21d060ae72ad976ed86c77cf4200af7995f8c5def0fe786bac5,d8baec55e6ee99045d82749a800e02d8973838c3b7457e23e4c2494e1b0bf830,436.2505409999285,32586.855375000043,1860.766791000031,4.4372500001918525,675.4455840000883,0.5246670001652092,35573.353040999966,35573.46145800012,720.587569,104.23002799999995,135.82173,33.37693100000001,142.57361600000002,,,,2026-09-30T01:48:12.696Z,0.00558399991132319,2026-09-30T01:48:12.699Z,3.4722499998752028,2026-09-30T01:48:12.700Z,4.000459000002593,2026-09-30T01:48:13.136Z,440.2509999999311,2026-09-30T01:48:13.137Z,440.9013749998994,2026-09-30T01:48:45.723Z,33027.75674999994,2026-09-30T01:48:45.724Z,33028.85883399984,2026-09-30T01:48:47.585Z,34889.62562499987,2026-09-30T01:48:47.590Z,34894.06287500006,2026-09-30T01:48:47.590Z,34894.55758400005,2026-09-30T01:48:47.590Z,34894.86437499989,2026-09-30T01:48:48.266Z,35570.30995899998,2026-09-30T01:48:48.267Z,35571.299499999965,2026-09-30T01:48:48.268Z,35572.63112499984,2026-09-30T01:48:48.269Z,35573.155792000005,2026-09-30T01:48:48.269Z,35573.35862499988,2026-09-30T01:48:48.269Z,35573.46704200003,CONFIRMED,False,PER_RUN_CLEANUP_UNVERIFIED
35,CREDENTIAL_PHISHING,SUSPICIOUS,"[""CREDENTIAL_PHISHING""]",true,SUCCEEDED,UNVERIFIED_POST_RUN_AUDIT,"{""sandboxId"":""solari-cc621978b3e712cbf07d7336a5aaaf97"",""stoppedAt"":""2026-09-30T01:49:23.910Z"",""deletedAt"":""2026-09-30T01:49:23.910Z""}",,false,NOT_INVOKED,"{""startedAt"":""2026-09-30T01:49:20.610Z"",""events"":{""workerStarted"":0,""browserReady"":599.555631,""navigationStarted"":693.40286,""pageLoaded"":798.51997,""factsCollected"":827.817323,""screenshotCollected"":994.3017709999999}}",3a7e5e30258ac21d060ae72ad976ed86c77cf4200af7995f8c5def0fe786bac5,d8baec55e6ee99045d82749a800e02d8973838c3b7457e23e4c2494e1b0bf830,316.9731250000186,32367.708917000098,1545.8756669999566,4.179875000147149,1396.4736669999547,0.5652499999850988,35640.509667000035,35640.667666999856,599.555631,93.84722900000008,105.11710999999991,29.297353000000044,166.48444799999993,,,,2026-09-30T01:48:48.273Z,0.01570799993351102,2026-09-30T01:48:48.277Z,3.5889159999787807,2026-09-30T01:48:48.277Z,3.8754579999949783,2026-09-30T01:48:48.594Z,320.8485830000136,2026-09-30T01:48:48.595Z,321.2875829997938,2026-09-30T01:49:20.962Z,32688.996499999892,2026-09-30T01:49:20.963Z,32690.013165999902,2026-09-30T01:49:22.509Z,34235.88883299986,2026-09-30T01:49:22.513Z,34240.068708000006,2026-09-30T01:49:22.514Z,34240.5484999998,2026-09-30T01:49:22.514Z,34240.7446659999,2026-09-30T01:49:23.910Z,35637.21833299985,2026-09-30T01:49:23.911Z,35638.41129099997,2026-09-30T01:49:23.913Z,35639.79529099981,2026-09-30T01:49:23.913Z,35640.3605409998,2026-09-30T01:49:23.913Z,35640.52537499997,2026-09-30T01:49:23.914Z,35640.68337499979,CONFIRMED,False,PER_RUN_CLEANUP_UNVERIFIED
36,CREDENTIAL_PHISHING,SUSPICIOUS,"[""CREDENTIAL_PHISHING""]",true,SUCCEEDED,UNVERIFIED_POST_RUN_AUDIT,"{""sandboxId"":""solari-da185e7cd4be4b03dc70b1eab826cddf"",""stoppedAt"":""2026-09-30T01:50:06.187Z"",""deletedAt"":""2026-09-30T01:50:06.187Z""}",,false,NOT_INVOKED,"{""startedAt"":""2026-09-30T01:50:03.897Z"",""events"":{""workerStarted"":0,""browserReady"":624.035083,""navigationStarted"":744.929358,""pageLoaded"":863.727544,""factsCollected"":894.055541,""screenshotCollected"":1040.5143679999999}}",3a7e5e30258ac21d060ae72ad976ed86c77cf4200af7995f8c5def0fe786bac5,d8baec55e6ee99045d82749a800e02d8973838c3b7457e23e4c2494e1b0bf830,193.50483400002122,39735.36870899983,1849.5843330000062,6.295707999961451,477.04154200013727,0.16854099999181926,42269.7867500002,42269.87375000003,624.035083,120.894275,118.79818599999999,30.327996999999982,146.45882699999993,,,,2026-09-30T01:49:23.919Z,0.011291999835520983,2026-09-30T01:49:23.922Z,3.400374999968335,2026-09-30T01:49:23.923Z,3.729499999899417,2026-09-30T01:49:24.116Z,197.23433399992064,2026-09-30T01:49:24.117Z,198.13349999999627,2026-09-30T01:50:03.852Z,39933.502208999824,2026-09-30T01:50:03.853Z,39934.58483399986,2026-09-30T01:50:05.703Z,41784.16916699987,2026-09-30T01:50:05.709Z,41790.46487499983,2026-09-30T01:50:05.710Z,41791.0268339999,2026-09-30T01:50:05.710Z,41791.21179199987,2026-09-30T01:50:06.187Z,42268.25333400001,2026-09-30T01:50:06.187Z,42268.68137499993,2026-09-30T01:50:06.188Z,42269.57170900004,2026-09-30T01:50:06.188Z,42269.74025000003,2026-09-30T01:50:06.188Z,42269.79804200004,2026-09-30T01:50:06.188Z,42269.88504199986,CONFIRMED,False,PER_RUN_CLEANUP_UNVERIFIED
37,CREDENTIAL_PHISHING,SUSPICIOUS,"[""CREDENTIAL_PHISHING""]",true,SUCCEEDED,UNVERIFIED_POST_RUN_AUDIT,"{""sandboxId"":""solari-673fceee9cf59bd67a8c9752cb25ebd1"",""stoppedAt"":""2026-09-30T01:50:38.884Z"",""deletedAt"":""2026-09-30T01:50:38.884Z""}",,false,NOT_INVOKED,"{""startedAt"":""2026-09-30T01:50:36.628Z"",""events"":{""workerStarted"":0,""browserReady"":597.799998,""navigationStarted"":695.8788119999999,""pageLoaded"":805.216789,""factsCollected"":830.74167,""screenshotCollected"":975.256841}}",3a7e5e30258ac21d060ae72ad976ed86c77cf4200af7995f8c5def0fe786bac5,d8baec55e6ee99045d82749a800e02d8973838c3b7457e23e4c2494e1b0bf830,214.68525000009686,30473.63295800006,1535.268541000085,2.855375000042841,460.5756250000559,0.24849999998696148,32694.728041999973,32694.809624999994,597.799998,98.07881399999997,109.33797700000002,25.52488100000005,144.515171,,,,2026-09-30T01:50:06.192Z,0.005750000011175871,2026-09-30T01:50:06.195Z,3.312582999933511,2026-09-30T01:50:06.195Z,3.5621249999385327,2026-09-30T01:50:06.410Z,218.2473750000354,2026-09-30T01:50:06.411Z,219.32166699995287,2026-09-30T01:50:36.884Z,30692.954625000013,2026-09-30T01:50:36.885Z,30693.699291999917,2026-09-30T01:50:38.420Z,32228.967833000002,2026-09-30T01:50:38.423Z,32231.823208000045,2026-09-30T01:50:38.423Z,32231.979333000025,2026-09-30T01:50:38.423Z,32232.05583299999,2026-09-30T01:50:38.884Z,32692.631458000047,2026-09-30T01:50:38.885Z,32693.436583000002,2026-09-30T01:50:38.886Z,32694.38733300008,2026-09-30T01:50:38.886Z,32694.635833000066,2026-09-30T01:50:38.886Z,32694.733791999985,2026-09-30T01:50:38.886Z,32694.815375000006,CONFIRMED,False,PER_RUN_CLEANUP_UNVERIFIED
38,CREDENTIAL_PHISHING,SUSPICIOUS,"[""CREDENTIAL_PHISHING""]",true,SUCCEEDED,UNVERIFIED_POST_RUN_AUDIT,"{""sandboxId"":""solari-7e2c00690c01e685bee4addf0877b9e6"",""stoppedAt"":""2026-09-30T01:51:16.115Z"",""deletedAt"":""2026-09-30T01:51:16.115Z""}",,false,NOT_INVOKED,"{""startedAt"":""2026-09-30T01:51:12.392Z"",""events"":{""workerStarted"":0,""browserReady"":625.457632,""navigationStarted"":1369.362036,""pageLoaded"":2214.579033,""factsCollected"":2248.7254009999997,""screenshotCollected"":2437.423261}}",3a7e5e30258ac21d060ae72ad976ed86c77cf4200af7995f8c5def0fe786bac5,d8baec55e6ee99045d82749a800e02d8973838c3b7457e23e4c2494e1b0bf830,217.83395800017752,33226.69291600003,3247.3186250000726,2.8581670001149178,524.126334000146,0.3700410001911223,37226.60395799996,37226.689500000095,625.457632,743.904404,845.216997,34.14636799999971,188.69786000000022,,,,2026-09-30T01:50:38.891Z,0.013749999925494194,2026-09-30T01:50:38.894Z,3.3512500000651926,2026-09-30T01:50:38.895Z,3.652166999876499,2026-09-30T01:50:39.113Z,221.48612500005402,2026-09-30T01:50:39.114Z,222.52329199993983,2026-09-30T01:51:12.340Z,33449.21620799997,2026-09-30T01:51:12.341Z,33450.06299999985,2026-09-30T01:51:15.588Z,36697.38162499992,2026-09-30T01:51:15.591Z,36700.23979200004,2026-09-30T01:51:15.591Z,36700.40333299991,2026-09-30T01:51:15.591Z,36700.479832999874,2026-09-30T01:51:16.115Z,37224.60616700002,2026-09-30T01:51:16.116Z,37225.226749999914,2026-09-30T01:51:16.117Z,37226.09679199988,2026-09-30T01:51:16.117Z,37226.46683300007,2026-09-30T01:51:16.117Z,37226.61770799989,2026-09-30T01:51:16.117Z,37226.70325000002,CONFIRMED,False,PER_RUN_CLEANUP_UNVERIFIED
39,CREDENTIAL_PHISHING,SUSPICIOUS,"[""CREDENTIAL_PHISHING""]",true,SUCCEEDED,UNVERIFIED_POST_RUN_AUDIT,"{""sandboxId"":""solari-1e052420cb5f9400e1bab20a2200fdf8"",""stoppedAt"":""2026-09-30T01:51:49.662Z"",""deletedAt"":""2026-09-30T01:51:49.662Z""}",,false,NOT_INVOKED,"{""startedAt"":""2026-09-30T01:51:47.107Z"",""events"":{""workerStarted"":0,""browserReady"":600.966498,""navigationStarted"":701.058315,""pageLoaded"":807.1534929999999,""factsCollected"":832.876675,""screenshotCollected"":977.7297249999999}}",3a7e5e30258ac21d060ae72ad976ed86c77cf4200af7995f8c5def0fe786bac5,d8baec55e6ee99045d82749a800e02d8973838c3b7457e23e4c2494e1b0bf830,387.5191249998752,30954.895541999955,1517.3556670001708,4.781166999833658,669.4640409999993,0.5653750000055879,33543.26470900001,33543.392333999975,600.966498,100.09181699999999,106.09517799999992,25.723182000000065,144.85304999999994,,,,2026-09-30T01:51:16.122Z,0.01816600002348423,2026-09-30T01:51:16.125Z,3.264875000109896,2026-09-30T01:51:16.126Z,3.539458000101149,2026-09-30T01:51:16.513Z,391.05858299997635,2026-09-30T01:51:16.514Z,392.03941600001417,2026-09-30T01:51:47.469Z,31346.93495799997,2026-09-30T01:51:47.470Z,31348.085790999932,2026-09-30T01:51:48.987Z,32865.4414580001,2026-09-30T01:51:48.992Z,32870.22262499994,2026-09-30T01:51:48.992Z,32870.656707999995,2026-09-30T01:51:48.993Z,32870.87387500005,2026-09-30T01:51:49.662Z,33540.33791600005,2026-09-30T01:51:49.663Z,33541.25475000008,2026-09-30T01:51:49.664Z,33542.46279100003,2026-09-30T01:51:49.665Z,33543.02816600003,2026-09-30T01:51:49.665Z,33543.28287500003,2026-09-30T01:51:49.665Z,33543.4105,CONFIRMED,False,PER_RUN_CLEANUP_UNVERIFIED
40,CREDENTIAL_PHISHING,SUSPICIOUS,"[""CREDENTIAL_PHISHING""]",true,SUCCEEDED,UNVERIFIED_POST_RUN_AUDIT,"{""sandboxId"":""solari-15d971de1f0b9d14824cebd3351e42ce"",""stoppedAt"":""2026-09-30T01:52:26.883Z"",""deletedAt"":""2026-09-30T01:52:26.883Z""}",,false,NOT_INVOKED,"{""startedAt"":""2026-09-30T01:52:23.926Z"",""events"":{""workerStarted"":0,""browserReady"":633.9954690000001,""navigationStarted"":726.352537,""pageLoaded"":849.515446,""factsCollected"":873.024263,""screenshotCollected"":1015.527603}}",3a7e5e30258ac21d060ae72ad976ed86c77cf4200af7995f8c5def0fe786bac5,d8baec55e6ee99045d82749a800e02d8973838c3b7457e23e4c2494e1b0bf830,321.5647089998238,34687.06949999998,1717.9658749999944,4.5709159998223186,477.078540999908,0.4202499999664724,37216.5091250001,37216.61825000006,633.9954690000001,92.35706799999991,123.16290900000001,23.508817000000022,142.50333999999998,,,,2026-09-30T01:51:49.669Z,0.021249999990686774,2026-09-30T01:51:49.672Z,2.9549579999875277,2026-09-30T01:51:49.672Z,3.200458000181243,2026-09-30T01:51:49.994Z,324.765167000005,2026-09-30T01:51:49.995Z,325.95550000015646,2026-09-30T01:52:24.682Z,35013.02500000014,2026-09-30T01:52:24.683Z,35014.290167000145,2026-09-30T01:52:26.401Z,36732.25604200014,2026-09-30T01:52:26.406Z,36736.82695799996,2026-09-30T01:52:26.406Z,36737.07916700002,2026-09-30T01:52:26.406Z,36737.1577920001,2026-09-30T01:52:26.883Z,37214.23633300001,2026-09-30T01:52:26.884Z,37214.91704199999,2026-09-30T01:52:26.885Z,37215.94045800017,2026-09-30T01:52:26.885Z,37216.36070800014,2026-09-30T01:52:26.885Z,37216.53037500009,2026-09-30T01:52:26.885Z,37216.63950000005,CONFIRMED,False,PER_RUN_CLEANUP_UNVERIFIED
41,CREDENTIAL_PHISHING,SUSPICIOUS,"[""CREDENTIAL_PHISHING""]",true,SUCCEEDED,UNVERIFIED_POST_RUN_AUDIT,"{""sandboxId"":""solari-1358680b5c6c319e6291198e45f636de"",""stoppedAt"":""2026-09-30T01:53:02.132Z"",""deletedAt"":""2026-09-30T01:53:02.132Z""}",,false,NOT_INVOKED,"{""startedAt"":""2026-09-30T01:52:59.065Z"",""events"":{""workerStarted"":0,""browserReady"":607.083975,""navigationStarted"":700.9817019999999,""pageLoaded"":811.43238,""factsCollected"":840.05215,""screenshotCollected"":973.239774}}",3a7e5e30258ac21d060ae72ad976ed86c77cf4200af7995f8c5def0fe786bac5,d8baec55e6ee99045d82749a800e02d8973838c3b7457e23e4c2494e1b0bf830,403.2890419999603,31897.935874999966,1830.8787499999162,4.793917000060901,1098.060707999859,0.15958300000056624,35243.52495799982,35243.57070799987,607.083975,93.89772699999992,110.45067800000004,28.619770000000017,133.18762400000003,,,,2026-09-30T01:52:26.891Z,0.016625000163912773,2026-09-30T01:52:26.894Z,3.7540420000441372,2026-09-30T01:52:26.895Z,4.790250000078231,2026-09-30T01:52:27.299Z,408.07929200003855,2026-09-30T01:52:27.299Z,408.9028330000583,2026-09-30T01:52:59.197Z,32306.838708000025,2026-09-30T01:52:59.198Z,32308.062458000146,2026-09-30T01:53:01.029Z,34138.94120800006,2026-09-30T01:53:01.034Z,34143.73512500012,2026-09-30T01:53:01.034Z,34144.078083000146,2026-09-30T01:53:01.034Z,34144.21387500013,2026-09-30T01:53:02.132Z,35242.27458299999,2026-09-30T01:53:02.133Z,35242.622500000056,2026-09-30T01:53:02.133Z,35243.32712500007,2026-09-30T01:53:02.134Z,35243.48670800007,2026-09-30T01:53:02.134Z,35243.541582999984,2026-09-30T01:53:02.134Z,35243.58733300003,CONFIRMED,False,PER_RUN_CLEANUP_UNVERIFIED
42,CREDENTIAL_PHISHING,SUSPICIOUS,"[""CREDENTIAL_PHISHING""]",true,SUCCEEDED,UNVERIFIED_POST_RUN_AUDIT,"{""sandboxId"":""solari-0671d7df7ddeff947e37f58fa8e8b062"",""stoppedAt"":""2026-09-30T01:53:38.308Z"",""deletedAt"":""2026-09-30T01:53:38.308Z""}",,false,NOT_INVOKED,"{""startedAt"":""2026-09-30T01:53:35.383Z"",""events"":{""workerStarted"":0,""browserReady"":613.470446,""navigationStarted"":726.332127,""pageLoaded"":842.804722,""factsCollected"":867.505042,""screenshotCollected"":1018.4281020000001}}",3a7e5e30258ac21d060ae72ad976ed86c77cf4200af7995f8c5def0fe786bac5,d8baec55e6ee99045d82749a800e02d8973838c3b7457e23e4c2494e1b0bf830,205.9733750000596,33216.91487500002,1680.6895840000361,4.279707999899983,1054.9625000001397,0.1781249998603016,36171.55333300005,36171.5986250001,613.470446,112.86168099999998,116.47259499999996,24.700320000000033,150.92306000000008,,,,2026-09-30T01:53:02.138Z,0.013082999968901277,2026-09-30T01:53:02.142Z,3.815665999893099,2026-09-30T01:53:02.142Z,4.085790999932215,2026-09-30T01:53:02.348Z,210.05916599999182,2026-09-30T01:53:02.349Z,210.85033300006762,2026-09-30T01:53:35.565Z,33427.765208000084,2026-09-30T01:53:35.567Z,33429.46391599998,2026-09-30T01:53:37.248Z,35110.153500000015,2026-09-30T01:53:37.252Z,35114.433207999915,2026-09-30T01:53:37.253Z,35115.039374999935,2026-09-30T01:53:37.253Z,35115.31362499995,2026-09-30T01:53:38.308Z,36170.27612500009,2026-09-30T01:53:38.308Z,36170.591874999925,2026-09-30T01:53:38.309Z,36171.33354100003,2026-09-30T01:53:38.309Z,36171.51166599989,2026-09-30T01:53:38.309Z,36171.566416000016,2026-09-30T01:53:38.309Z,36171.61170800007,CONFIRMED,False,PER_RUN_CLEANUP_UNVERIFIED
43,CREDENTIAL_PHISHING,SUSPICIOUS,"[""CREDENTIAL_PHISHING""]",true,SUCCEEDED,UNVERIFIED_POST_RUN_AUDIT,"{""sandboxId"":""solari-d019de3f318352a41a0f480191d496f6"",""stoppedAt"":""2026-09-30T01:54:15.027Z"",""deletedAt"":""2026-09-30T01:54:15.028Z""}",,false,NOT_INVOKED,"{""startedAt"":""2026-09-30T01:54:10.948Z"",""events"":{""workerStarted"":0,""browserReady"":603.03569,""navigationStarted"":806.4231980000001,""pageLoaded"":924.9111670000001,""factsCollected"":955.149363,""screenshotCollected"":1084.270645}}",3a7e5e30258ac21d060ae72ad976ed86c77cf4200af7995f8c5def0fe786bac5,d8baec55e6ee99045d82749a800e02d8973838c3b7457e23e4c2494e1b0bf830,224.81266600009985,32772.50875000004,1810.8161249998957,3.7096659999806434,1896.985417000018,0.6659580001141876,36717.913082999876,36718.05645799986,603.03569,203.38750800000003,118.48796900000002,30.238195999999903,129.12128200000006,,,,2026-09-30T01:53:38.313Z,0.008707999950274825,2026-09-30T01:53:38.317Z,3.63537499983795,2026-09-30T01:53:38.318Z,4.310624999925494,2026-09-30T01:53:38.543Z,229.12329100002535,2026-09-30T01:53:38.543Z,229.48529099998996,2026-09-30T01:54:11.315Z,33001.99404100003,2026-09-30T01:54:11.316Z,33002.649124999996,2026-09-30T01:54:13.126Z,34813.46524999989,2026-09-30T01:54:13.130Z,34817.17491599987,2026-09-30T01:54:13.130Z,34817.47654099995,2026-09-30T01:54:13.131Z,34817.568582999986,2026-09-30T01:54:15.028Z,36714.554000000004,2026-09-30T01:54:15.029Z,36715.792332999874,2026-09-30T01:54:15.030Z,36717.01749999984,2026-09-30T01:54:15.031Z,36717.683457999956,2026-09-30T01:54:15.031Z,36717.921790999826,2026-09-30T01:54:15.031Z,36718.06516599981,CONFIRMED,False,PER_RUN_CLEANUP_UNVERIFIED
44,CREDENTIAL_PHISHING,SUSPICIOUS,"[""CREDENTIAL_PHISHING""]",true,SUCCEEDED,UNVERIFIED_POST_RUN_AUDIT,"{""sandboxId"":""solari-fe280d84ab9e09b48ae1723ddc0401d7"",""stoppedAt"":""2026-09-30T01:54:51.062Z"",""deletedAt"":""2026-09-30T01:54:51.062Z""}",,false,NOT_INVOKED,"{""startedAt"":""2026-09-30T01:54:48.211Z"",""events"":{""workerStarted"":0,""browserReady"":636.598722,""navigationStarted"":744.626326,""pageLoaded"":859.107106,""factsCollected"":884.307519,""screenshotCollected"":1065.994257}}",3a7e5e30258ac21d060ae72ad976ed86c77cf4200af7995f8c5def0fe786bac5,d8baec55e6ee99045d82749a800e02d8973838c3b7457e23e4c2494e1b0bf830,250.46529199997894,33046.54041600018,1731.5109590000939,3.790125000057742,984.8699580000248,0.3492499999701977,36025.37041600002,36025.45616599987,636.598722,108.027604,114.4807800000001,25.200412999999912,181.6867380000001,,,,2026-09-30T01:54:15.039Z,0.025167000014334917,2026-09-30T01:54:15.043Z,3.415000000037253,2026-09-30T01:54:15.043Z,3.798749999841675,2026-09-30T01:54:15.294Z,254.26404199982062,2026-09-30T01:54:15.295Z,255.35641699982807,2026-09-30T01:54:48.341Z,33301.896833000006,2026-09-30T01:54:48.342Z,33302.594957999885,2026-09-30T01:54:50.073Z,35034.10591699998,2026-09-30T01:54:50.077Z,35037.89604200004,2026-09-30T01:54:50.077Z,35038.297291999916,2026-09-30T01:54:50.077Z,35038.468292000005,2026-09-30T01:54:51.062Z,36023.33825000003,2026-09-30T01:54:51.063Z,36024.029374999925,2026-09-30T01:54:51.064Z,36024.92699999991,2026-09-30T01:54:51.064Z,36025.27624999988,2026-09-30T01:54:51.064Z,36025.395583000034,2026-09-30T01:54:51.064Z,36025.48133299989,CONFIRMED,False,PER_RUN_CLEANUP_UNVERIFIED
45,CREDENTIAL_PHISHING,SUSPICIOUS,"[""CREDENTIAL_PHISHING""]",true,SUCCEEDED,UNVERIFIED_POST_RUN_AUDIT,"{""sandboxId"":""solari-74e746e86ac518b802defd793f918f3f"",""stoppedAt"":""2026-09-30T01:55:26.186Z"",""deletedAt"":""2026-09-30T01:55:26.186Z""}",,false,NOT_INVOKED,"{""startedAt"":""2026-09-30T01:55:23.000Z"",""events"":{""workerStarted"":0,""browserReady"":812.863461,""navigationStarted"":1006.529187,""pageLoaded"":1127.4521340000001,""factsCollected"":1157.018869,""screenshotCollected"":1292.586628}}",3a7e5e30258ac21d060ae72ad976ed86c77cf4200af7995f8c5def0fe786bac5,d8baec55e6ee99045d82749a800e02d8973838c3b7457e23e4c2494e1b0bf830,322.7886249998119,31757.845000000205,2033.612875000108,5.181165999965742,989.3643749998882,0.1633750000037253,35117.51795799984,35117.5614169999,812.863461,193.66572599999995,120.92294700000014,29.56673499999988,135.56775900000002,,,,2026-09-30T01:54:51.070Z,0.02258300012908876,2026-09-30T01:54:51.074Z,3.9292079999577254,2026-09-30T01:54:51.075Z,4.255583000136539,2026-09-30T01:54:51.397Z,327.0442079999484,2026-09-30T01:54:51.398Z,328.08212499995716,2026-09-30T01:55:23.156Z,32085.927125000162,2026-09-30T01:55:23.157Z,32086.957249999978,2026-09-30T01:55:25.190Z,34120.570125000086,2026-09-30T01:55:25.196Z,34125.75129100005,2026-09-30T01:55:25.196Z,34126.33466599998,2026-09-30T01:55:25.196Z,34126.583458000096,2026-09-30T01:55:26.186Z,35115.947832999984,2026-09-30T01:55:26.186Z,35116.39770800015,2026-09-30T01:55:26.187Z,35117.31695799995,2026-09-30T01:55:26.187Z,35117.480332999956,2026-09-30T01:55:26.187Z,35117.540540999966,2026-09-30T01:55:26.187Z,35117.58400000003,CONFIRMED,False,PER_RUN_CLEANUP_UNVERIFIED
46,CREDENTIAL_PHISHING,SUSPICIOUS,"[""CREDENTIAL_PHISHING""]",true,SUCCEEDED,UNVERIFIED_POST_RUN_AUDIT,"{""sandboxId"":""solari-7d265cbeeb8f37d13147b62cd059285e"",""stoppedAt"":""2026-09-30T01:56:01.446Z"",""deletedAt"":""2026-09-30T01:56:01.446Z""}",,false,NOT_INVOKED,"{""startedAt"":""2026-09-30T01:55:58.793Z"",""events"":{""workerStarted"":0,""browserReady"":633.661574,""navigationStarted"":738.421707,""pageLoaded"":843.218345,""factsCollected"":874.765719,""screenshotCollected"":1035.910239}}",3a7e5e30258ac21d060ae72ad976ed86c77cf4200af7995f8c5def0fe786bac5,d8baec55e6ee99045d82749a800e02d8973838c3b7457e23e4c2494e1b0bf830,384.4660420001019,32635.576125000138,1717.043124999851,3.0256670000962913,508.2157080001198,0.3033330000471324,35257.41620899993,35257.48962499993,633.661574,104.760133,104.79663800000003,31.54737399999999,161.14452000000006,,,,2026-09-30T01:55:26.191Z,0.004666000138968229,2026-09-30T01:55:26.195Z,4.237375000026077,2026-09-30T01:55:26.196Z,4.534708000021055,2026-09-30T01:55:26.580Z,389.00075000012293,2026-09-30T01:55:26.581Z,389.9407079999801,2026-09-30T01:55:59.216Z,33025.51683300012,2026-09-30T01:55:59.218Z,33026.88070800016,2026-09-30T01:56:00.935Z,34743.92383300001,2026-09-30T01:56:00.938Z,34746.949500000104,2026-09-30T01:56:00.938Z,34747.08670800016,2026-09-30T01:56:00.938Z,34747.18187500001,2026-09-30T01:56:01.446Z,35255.39758300013,2026-09-30T01:56:01.447Z,35256.10491600004,2026-09-30T01:56:01.448Z,35257.01883299998,2026-09-30T01:56:01.448Z,35257.32216600003,2026-09-30T01:56:01.448Z,35257.42087500007,2026-09-30T01:56:01.448Z,35257.49429100007,CONFIRMED,False,PER_RUN_CLEANUP_UNVERIFIED
47,CREDENTIAL_PHISHING,SUSPICIOUS,"[""CREDENTIAL_PHISHING""]",true,SUCCEEDED,UNVERIFIED_POST_RUN_AUDIT,"{""sandboxId"":""solari-1ba8f4e438b35c140e6d89db7e74df12"",""stoppedAt"":""2026-09-30T01:56:36.249Z"",""deletedAt"":""2026-09-30T01:56:36.249Z""}",,false,NOT_INVOKED,"{""startedAt"":""2026-09-30T01:56:32.471Z"",""events"":{""workerStarted"":0,""browserReady"":676.267951,""navigationStarted"":1079.102893,""pageLoaded"":1798.833222,""factsCollected"":1823.436615,""screenshotCollected"":2037.9639439999999}}",3a7e5e30258ac21d060ae72ad976ed86c77cf4200af7995f8c5def0fe786bac5,d8baec55e6ee99045d82749a800e02d8973838c3b7457e23e4c2494e1b0bf830,235.53758400003426,31306.42712499993,2534.047666999977,4.062249999959022,705.3510840001982,0.3098330001812428,34797.67308399989,34797.78649999993,676.267951,402.83494199999996,719.730329,24.603393000000096,214.52732899999978,,,,2026-09-30T01:56:01.454Z,0.024041000055149198,2026-09-30T01:56:01.461Z,7.258040999993682,2026-09-30T01:56:01.462Z,7.7106659999117255,2026-09-30T01:56:01.697Z,243.24824999994598,2026-09-30T01:56:01.698Z,243.80266600009054,2026-09-30T01:56:33.004Z,31550.22979100002,2026-09-30T01:56:33.005Z,31551.178791000042,2026-09-30T01:56:35.539Z,34085.22645800002,2026-09-30T01:56:35.543Z,34089.28870799998,2026-09-30T01:56:35.543Z,34089.670958,2026-09-30T01:56:35.544Z,34089.82291599992,2026-09-30T01:56:36.249Z,34795.174000000115,2026-09-30T01:56:36.250Z,34796.14141599997,2026-09-30T01:56:36.251Z,34797.26799999992,2026-09-30T01:56:36.251Z,34797.577833000105,2026-09-30T01:56:36.252Z,34797.69712499995,2026-09-30T01:56:36.252Z,34797.810540999984,CONFIRMED,True,PER_RUN_CLEANUP_UNVERIFIED
48,CREDENTIAL_PHISHING,SUSPICIOUS,"[""CREDENTIAL_PHISHING""]",true,SUCCEEDED,UNVERIFIED_POST_RUN_AUDIT,"{""sandboxId"":""solari-01dabb54505211fce1ca07e8eab89ac2"",""stoppedAt"":""2026-09-30T01:57:13.320Z"",""deletedAt"":""2026-09-30T01:57:13.320Z""}",,false,NOT_INVOKED,"{""startedAt"":""2026-09-30T01:57:09.852Z"",""events"":{""workerStarted"":0,""browserReady"":633.582798,""navigationStarted"":734.72942,""pageLoaded"":843.017178,""factsCollected"":875.041968,""screenshotCollected"":1026.405315}}",3a7e5e30258ac21d060ae72ad976ed86c77cf4200af7995f8c5def0fe786bac5,d8baec55e6ee99045d82749a800e02d8973838c3b7457e23e4c2494e1b0bf830,599.4248750000261,33684.51487499988,1753.7444169998635,4.28912500012666,1012.059833999956,0.5545000000856817,37063.632250000024,37063.727624999825,633.582798,101.14662199999998,108.28775799999994,32.02479000000005,151.36334699999998,,,,2026-09-30T01:56:36.259Z,0.023833000101149082,2026-09-30T01:56:36.264Z,4.326416000025347,2026-09-30T01:56:36.264Z,4.608250000048429,2026-09-30T01:56:36.863Z,604.0331250000745,2026-09-30T01:56:36.864Z,605.0704580000602,2026-09-30T01:57:10.549Z,34289.58533299994,2026-09-30T01:57:10.550Z,34290.49466600013,2026-09-30T01:57:12.303Z,36044.23908299999,2026-09-30T01:57:12.308Z,36048.52820800012,2026-09-30T01:57:12.308Z,36048.81191599998,2026-09-30T01:57:12.308Z,36048.94454100006,2026-09-30T01:57:13.320Z,37061.00437500002,2026-09-30T01:57:13.321Z,37061.62537500006,2026-09-30T01:57:13.322Z,37062.94533300004,2026-09-30T01:57:13.322Z,37063.499833000125,2026-09-30T01:57:13.323Z,37063.656083000125,2026-09-30T01:57:13.323Z,37063.751457999926,CONFIRMED,True,PER_RUN_CLEANUP_UNVERIFIED
49,CREDENTIAL_PHISHING,SUSPICIOUS,"[""CREDENTIAL_PHISHING""]",true,SUCCEEDED,UNVERIFIED_POST_RUN_AUDIT,"{""sandboxId"":""solari-beed4e4b0a339348833c6d13cdf4e3fa"",""stoppedAt"":""2026-09-30T01:57:48.180Z"",""deletedAt"":""2026-09-30T01:57:48.180Z""}",,false,NOT_INVOKED,"{""startedAt"":""2026-09-30T01:57:44.179Z"",""events"":{""workerStarted"":0,""browserReady"":605.216692,""navigationStarted"":701.924456,""pageLoaded"":803.740237,""factsCollected"":832.944878,""screenshotCollected"":972.239041}}",3a7e5e30258ac21d060ae72ad976ed86c77cf4200af7995f8c5def0fe786bac5,d8baec55e6ee99045d82749a800e02d8973838c3b7457e23e4c2494e1b0bf830,397.21133399987593,31027.831000000006,2591.1386659999844,3.3932499999646097,825.7783329999074,0.33962500002235174,34853.81395900017,34853.88950000005,605.216692,96.707764,101.81578100000002,29.204641000000038,139.29416300000003,,,,2026-09-30T01:57:13.329Z,0.013707999838516116,2026-09-30T01:57:13.333Z,3.6026669999118894,2026-09-30T01:57:13.333Z,3.9475829999428242,2026-09-30T01:57:13.730Z,401.15891699981876,2026-09-30T01:57:13.731Z,402.1852080000099,2026-09-30T01:57:44.759Z,31430.016208000015,2026-09-30T01:57:44.760Z,31430.979667000007,2026-09-30T01:57:47.351Z,34022.11833299999,2026-09-30T01:57:47.354Z,34025.511582999956,2026-09-30T01:57:47.354Z,34025.68566700001,2026-09-30T01:57:47.355Z,34025.75879199989,2026-09-30T01:57:48.180Z,34851.5371249998,2026-09-30T01:57:48.181Z,34852.257125000004,2026-09-30T01:57:48.182Z,34853.394374999916,2026-09-30T01:57:48.182Z,34853.73399999994,2026-09-30T01:57:48.183Z,34853.827667000005,2026-09-30T01:57:48.183Z,34853.90320799989,CONFIRMED,False,PER_RUN_CLEANUP_UNVERIFIED
50,CREDENTIAL_PHISHING,SUSPICIOUS,"[""CREDENTIAL_PHISHING""]",true,SUCCEEDED,UNVERIFIED_POST_RUN_AUDIT,"{""sandboxId"":""solari-ccc361dc9d46b0acc8b87ae563d86b18"",""stoppedAt"":""2026-09-30T01:58:27.050Z"",""deletedAt"":""2026-09-30T01:58:27.050Z""}",,false,NOT_INVOKED,"{""startedAt"":""2026-09-30T01:58:24.754Z"",""events"":{""workerStarted"":0,""browserReady"":617.757596,""navigationStarted"":723.7681210000001,""pageLoaded"":833.38963,""factsCollected"":858.7113420000001,""screenshotCollected"":1006.239431}}",3a7e5e30258ac21d060ae72ad976ed86c77cf4200af7995f8c5def0fe786bac5,d8baec55e6ee99045d82749a800e02d8973838c3b7457e23e4c2494e1b0bf830,193.04000000003725,36591.89479100006,1684.060249999864,2.8727500000968575,385.6037500000093,0.3600830000359565,38865.78162499983,38865.8592089999,617.757596,106.01052500000003,109.62150899999995,25.321712000000048,147.5280889999999,,,,2026-09-30T01:57:48.187Z,0.0069160000421106815,2026-09-30T01:57:48.191Z,3.9031660000327975,2026-09-30T01:57:48.191Z,4.093208000063896,2026-09-30T01:57:48.384Z,197.13320800010115,2026-09-30T01:57:48.385Z,197.591749999905,2026-09-30T01:58:24.976Z,36789.48654099996,2026-09-30T01:58:24.977Z,36790.44408300007,2026-09-30T01:58:26.661Z,38474.50433299993,2026-09-30T01:58:26.664Z,38477.37708300003,2026-09-30T01:58:26.664Z,38477.56245799991,2026-09-30T01:58:26.664Z,38477.63749999995,2026-09-30T01:58:27.050Z,38863.24124999996,2026-09-30T01:58:27.051Z,38864.09141599992,2026-09-30T01:58:27.052Z,38865.32462499989,2026-09-30T01:58:27.052Z,38865.68470799993,2026-09-30T01:58:27.052Z,38865.78854099987,2026-09-30T01:58:27.052Z,38865.86612499994,CONFIRMED,True,PER_RUN_CLEANUP_UNVERIFIED
