id,template,group,variant,expected,classification,categories,error,startedAt,endedAt,blockedRequests,cleanup,astraInvocationStatus,reportedCleanup,cleanupAudit
news-1,news,benign,1,BENIGN,UNDETERMINED,,,2026-09-30T01:59:27.333Z,2026-09-30T01:59:28.139Z,0,UNVERIFIED_POST_RUN_AUDIT,NOT_IMPLEMENTED_IN_DETECTOR,CONFIRMED,PER_RUN_CLEANUP_UNVERIFIED
news-2,news,benign,2,BENIGN,UNDETERMINED,,,2026-09-30T01:59:28.171Z,2026-09-30T01:59:28.316Z,0,UNVERIFIED_POST_RUN_AUDIT,NOT_IMPLEMENTED_IN_DETECTOR,CONFIRMED,PER_RUN_CLEANUP_UNVERIFIED
news-3,news,benign,3,BENIGN,UNDETERMINED,,,2026-09-30T01:59:28.365Z,2026-09-30T01:59:28.522Z,0,UNVERIFIED_POST_RUN_AUDIT,NOT_IMPLEMENTED_IN_DETECTOR,CONFIRMED,PER_RUN_CLEANUP_UNVERIFIED
news-4,news,benign,4,BENIGN,UNDETERMINED,,,2026-09-30T01:59:28.560Z,2026-09-30T01:59:28.762Z,0,UNVERIFIED_POST_RUN_AUDIT,NOT_IMPLEMENTED_IN_DETECTOR,CONFIRMED,PER_RUN_CLEANUP_UNVERIFIED
news-5,news,benign,5,BENIGN,UNDETERMINED,,,2026-09-30T01:59:28.771Z,2026-09-30T01:59:28.992Z,0,UNVERIFIED_POST_RUN_AUDIT,NOT_IMPLEMENTED_IN_DETECTOR,CONFIRMED,PER_RUN_CLEANUP_UNVERIFIED
docs-1,docs,benign,1,BENIGN,UNDETERMINED,,,2026-09-30T01:59:29.041Z,2026-09-30T01:59:29.197Z,0,UNVERIFIED_POST_RUN_AUDIT,NOT_IMPLEMENTED_IN_DETECTOR,CONFIRMED,PER_RUN_CLEANUP_UNVERIFIED
docs-2,docs,benign,2,BENIGN,UNDETERMINED,,,2026-09-30T01:59:29.260Z,2026-09-30T01:59:29.433Z,0,UNVERIFIED_POST_RUN_AUDIT,NOT_IMPLEMENTED_IN_DETECTOR,CONFIRMED,PER_RUN_CLEANUP_UNVERIFIED
docs-3,docs,benign,3,BENIGN,UNDETERMINED,,,2026-09-30T01:59:29.442Z,2026-09-30T01:59:29.511Z,0,UNVERIFIED_POST_RUN_AUDIT,NOT_IMPLEMENTED_IN_DETECTOR,CONFIRMED,PER_RUN_CLEANUP_UNVERIFIED
docs-4,docs,benign,4,BENIGN,UNDETERMINED,,,2026-09-30T01:59:29.519Z,2026-09-30T01:59:29.582Z,0,UNVERIFIED_POST_RUN_AUDIT,NOT_IMPLEMENTED_IN_DETECTOR,CONFIRMED,PER_RUN_CLEANUP_UNVERIFIED
docs-5,docs,benign,5,BENIGN,UNDETERMINED,,,2026-09-30T01:59:29.589Z,2026-09-30T01:59:29.653Z,0,UNVERIFIED_POST_RUN_AUDIT,NOT_IMPLEMENTED_IN_DETECTOR,CONFIRMED,PER_RUN_CLEANUP_UNVERIFIED
store-1,store,benign,1,BENIGN,UNDETERMINED,,,2026-09-30T01:59:29.661Z,2026-09-30T01:59:29.724Z,0,UNVERIFIED_POST_RUN_AUDIT,NOT_IMPLEMENTED_IN_DETECTOR,CONFIRMED,PER_RUN_CLEANUP_UNVERIFIED
store-2,store,benign,2,BENIGN,UNDETERMINED,,,2026-09-30T01:59:29.734Z,2026-09-30T01:59:29.795Z,0,UNVERIFIED_POST_RUN_AUDIT,NOT_IMPLEMENTED_IN_DETECTOR,CONFIRMED,PER_RUN_CLEANUP_UNVERIFIED
store-3,store,benign,3,BENIGN,UNDETERMINED,,,2026-09-30T01:59:29.804Z,2026-09-30T01:59:29.891Z,0,UNVERIFIED_POST_RUN_AUDIT,NOT_IMPLEMENTED_IN_DETECTOR,CONFIRMED,PER_RUN_CLEANUP_UNVERIFIED
store-4,store,benign,4,BENIGN,UNDETERMINED,,,2026-09-30T01:59:29.927Z,2026-09-30T01:59:29.989Z,0,UNVERIFIED_POST_RUN_AUDIT,NOT_IMPLEMENTED_IN_DETECTOR,CONFIRMED,PER_RUN_CLEANUP_UNVERIFIED
store-5,store,benign,5,BENIGN,UNDETERMINED,,,2026-09-30T01:59:29.998Z,2026-09-30T01:59:30.057Z,0,UNVERIFIED_POST_RUN_AUDIT,NOT_IMPLEMENTED_IN_DETECTOR,CONFIRMED,PER_RUN_CLEANUP_UNVERIFIED
trusted-login-1,trusted-login,benign,1,BENIGN,UNDETERMINED,,,2026-09-30T01:59:30.065Z,2026-09-30T01:59:30.125Z,0,UNVERIFIED_POST_RUN_AUDIT,NOT_IMPLEMENTED_IN_DETECTOR,CONFIRMED,PER_RUN_CLEANUP_UNVERIFIED
trusted-login-2,trusted-login,benign,2,BENIGN,UNDETERMINED,,,2026-09-30T01:59:30.134Z,2026-09-30T01:59:30.201Z,0,UNVERIFIED_POST_RUN_AUDIT,NOT_IMPLEMENTED_IN_DETECTOR,CONFIRMED,PER_RUN_CLEANUP_UNVERIFIED
trusted-login-3,trusted-login,benign,3,BENIGN,UNDETERMINED,,,2026-09-30T01:59:30.209Z,2026-09-30T01:59:30.271Z,0,UNVERIFIED_POST_RUN_AUDIT,NOT_IMPLEMENTED_IN_DETECTOR,CONFIRMED,PER_RUN_CLEANUP_UNVERIFIED
trusted-login-4,trusted-login,benign,4,BENIGN,UNDETERMINED,,,2026-09-30T01:59:30.278Z,2026-09-30T01:59:30.340Z,0,UNVERIFIED_POST_RUN_AUDIT,NOT_IMPLEMENTED_IN_DETECTOR,CONFIRMED,PER_RUN_CLEANUP_UNVERIFIED
trusted-login-5,trusted-login,benign,5,BENIGN,UNDETERMINED,,,2026-09-30T01:59:30.349Z,2026-09-30T01:59:30.408Z,0,UNVERIFIED_POST_RUN_AUDIT,NOT_IMPLEMENTED_IN_DETECTOR,CONFIRMED,PER_RUN_CLEANUP_UNVERIFIED
unlisted-login-1,unlisted-login,benign,1,BENIGN,FLAGGED,CREDENTIAL_PHISHING,,2026-09-30T01:59:30.418Z,2026-09-30T01:59:30.480Z,0,UNVERIFIED_POST_RUN_AUDIT,NOT_IMPLEMENTED_IN_DETECTOR,CONFIRMED,PER_RUN_CLEANUP_UNVERIFIED
unlisted-login-2,unlisted-login,benign,2,BENIGN,FLAGGED,CREDENTIAL_PHISHING,,2026-09-30T01:59:30.490Z,2026-09-30T01:59:30.554Z,0,UNVERIFIED_POST_RUN_AUDIT,NOT_IMPLEMENTED_IN_DETECTOR,CONFIRMED,PER_RUN_CLEANUP_UNVERIFIED
unlisted-login-3,unlisted-login,benign,3,BENIGN,FLAGGED,CREDENTIAL_PHISHING,,2026-09-30T01:59:30.562Z,2026-09-30T01:59:30.625Z,0,UNVERIFIED_POST_RUN_AUDIT,NOT_IMPLEMENTED_IN_DETECTOR,CONFIRMED,PER_RUN_CLEANUP_UNVERIFIED
unlisted-login-4,unlisted-login,benign,4,BENIGN,FLAGGED,CREDENTIAL_PHISHING,,2026-09-30T01:59:30.634Z,2026-09-30T01:59:30.704Z,0,UNVERIFIED_POST_RUN_AUDIT,NOT_IMPLEMENTED_IN_DETECTOR,CONFIRMED,PER_RUN_CLEANUP_UNVERIFIED
unlisted-login-5,unlisted-login,benign,5,BENIGN,FLAGGED,CREDENTIAL_PHISHING,,2026-09-30T01:59:30.713Z,2026-09-30T01:59:30.774Z,0,UNVERIFIED_POST_RUN_AUDIT,NOT_IMPLEMENTED_IN_DETECTOR,CONFIRMED,PER_RUN_CLEANUP_UNVERIFIED
external-sso-1,external-sso,benign,1,BENIGN,FLAGGED,CREDENTIAL_PHISHING|CROSS_ORIGIN_CREDENTIAL_SUBMISSION,,2026-09-30T01:59:30.783Z,2026-09-30T01:59:30.847Z,0,UNVERIFIED_POST_RUN_AUDIT,NOT_IMPLEMENTED_IN_DETECTOR,CONFIRMED,PER_RUN_CLEANUP_UNVERIFIED
external-sso-2,external-sso,benign,2,BENIGN,FLAGGED,CREDENTIAL_PHISHING|CROSS_ORIGIN_CREDENTIAL_SUBMISSION,,2026-09-30T01:59:30.855Z,2026-09-30T01:59:30.917Z,0,UNVERIFIED_POST_RUN_AUDIT,NOT_IMPLEMENTED_IN_DETECTOR,CONFIRMED,PER_RUN_CLEANUP_UNVERIFIED
external-sso-3,external-sso,benign,3,BENIGN,FLAGGED,CREDENTIAL_PHISHING|CROSS_ORIGIN_CREDENTIAL_SUBMISSION,,2026-09-30T01:59:30.927Z,2026-09-30T01:59:30.989Z,0,UNVERIFIED_POST_RUN_AUDIT,NOT_IMPLEMENTED_IN_DETECTOR,CONFIRMED,PER_RUN_CLEANUP_UNVERIFIED
external-sso-4,external-sso,benign,4,BENIGN,FLAGGED,CREDENTIAL_PHISHING|CROSS_ORIGIN_CREDENTIAL_SUBMISSION,,2026-09-30T01:59:30.999Z,2026-09-30T01:59:31.058Z,0,UNVERIFIED_POST_RUN_AUDIT,NOT_IMPLEMENTED_IN_DETECTOR,CONFIRMED,PER_RUN_CLEANUP_UNVERIFIED
external-sso-5,external-sso,benign,5,BENIGN,FLAGGED,CREDENTIAL_PHISHING|CROSS_ORIGIN_CREDENTIAL_SUBMISSION,,2026-09-30T01:59:31.065Z,2026-09-30T01:59:31.138Z,0,UNVERIFIED_POST_RUN_AUDIT,NOT_IMPLEMENTED_IN_DETECTOR,CONFIRMED,PER_RUN_CLEANUP_UNVERIFIED
support-education-1,support-education,benign,1,BENIGN,FLAGGED,TECH_SUPPORT_SCAM,,2026-09-30T01:59:31.145Z,2026-09-30T01:59:31.222Z,0,UNVERIFIED_POST_RUN_AUDIT,NOT_IMPLEMENTED_IN_DETECTOR,CONFIRMED,PER_RUN_CLEANUP_UNVERIFIED
support-education-2,support-education,benign,2,BENIGN,FLAGGED,TECH_SUPPORT_SCAM,,2026-09-30T01:59:31.230Z,2026-09-30T01:59:31.296Z,0,UNVERIFIED_POST_RUN_AUDIT,NOT_IMPLEMENTED_IN_DETECTOR,CONFIRMED,PER_RUN_CLEANUP_UNVERIFIED
support-education-3,support-education,benign,3,BENIGN,FLAGGED,TECH_SUPPORT_SCAM,,2026-09-30T01:59:31.304Z,2026-09-30T01:59:31.367Z,0,UNVERIFIED_POST_RUN_AUDIT,NOT_IMPLEMENTED_IN_DETECTOR,CONFIRMED,PER_RUN_CLEANUP_UNVERIFIED
support-education-4,support-education,benign,4,BENIGN,FLAGGED,TECH_SUPPORT_SCAM,,2026-09-30T01:59:31.374Z,2026-09-30T01:59:31.437Z,0,UNVERIFIED_POST_RUN_AUDIT,NOT_IMPLEMENTED_IN_DETECTOR,CONFIRMED,PER_RUN_CLEANUP_UNVERIFIED
support-education-5,support-education,benign,5,BENIGN,FLAGGED,TECH_SUPPORT_SCAM,,2026-09-30T01:59:31.447Z,2026-09-30T01:59:31.507Z,0,UNVERIFIED_POST_RUN_AUDIT,NOT_IMPLEMENTED_IN_DETECTOR,CONFIRMED,PER_RUN_CLEANUP_UNVERIFIED
command-tutorial-1,command-tutorial,benign,1,BENIGN,FLAGGED,CLICKFIX,,2026-09-30T01:59:31.516Z,2026-09-30T01:59:31.575Z,0,UNVERIFIED_POST_RUN_AUDIT,NOT_IMPLEMENTED_IN_DETECTOR,CONFIRMED,PER_RUN_CLEANUP_UNVERIFIED
command-tutorial-2,command-tutorial,benign,2,BENIGN,FLAGGED,CLICKFIX,,2026-09-30T01:59:31.586Z,2026-09-30T01:59:31.643Z,0,UNVERIFIED_POST_RUN_AUDIT,NOT_IMPLEMENTED_IN_DETECTOR,CONFIRMED,PER_RUN_CLEANUP_UNVERIFIED
command-tutorial-3,command-tutorial,benign,3,BENIGN,FLAGGED,CLICKFIX,,2026-09-30T01:59:31.655Z,2026-09-30T01:59:31.720Z,0,UNVERIFIED_POST_RUN_AUDIT,NOT_IMPLEMENTED_IN_DETECTOR,CONFIRMED,PER_RUN_CLEANUP_UNVERIFIED
command-tutorial-4,command-tutorial,benign,4,BENIGN,FLAGGED,CLICKFIX,,2026-09-30T01:59:31.728Z,2026-09-30T01:59:31.790Z,0,UNVERIFIED_POST_RUN_AUDIT,NOT_IMPLEMENTED_IN_DETECTOR,CONFIRMED,PER_RUN_CLEANUP_UNVERIFIED
command-tutorial-5,command-tutorial,benign,5,BENIGN,FLAGGED,CLICKFIX,,2026-09-30T01:59:31.801Z,2026-09-30T01:59:31.863Z,0,UNVERIFIED_POST_RUN_AUDIT,NOT_IMPLEMENTED_IN_DETECTOR,CONFIRMED,PER_RUN_CLEANUP_UNVERIFIED
legitimate-installer-1,legitimate-installer,benign,1,BENIGN,FLAGGED,EXECUTABLE_DOWNLOAD_LURE,,2026-09-30T01:59:31.873Z,2026-09-30T01:59:31.941Z,0,UNVERIFIED_POST_RUN_AUDIT,NOT_IMPLEMENTED_IN_DETECTOR,CONFIRMED,PER_RUN_CLEANUP_UNVERIFIED
legitimate-installer-2,legitimate-installer,benign,2,BENIGN,FLAGGED,EXECUTABLE_DOWNLOAD_LURE,,2026-09-30T01:59:31.952Z,2026-09-30T01:59:32.015Z,0,UNVERIFIED_POST_RUN_AUDIT,NOT_IMPLEMENTED_IN_DETECTOR,CONFIRMED,PER_RUN_CLEANUP_UNVERIFIED
legitimate-installer-3,legitimate-installer,benign,3,BENIGN,FLAGGED,EXECUTABLE_DOWNLOAD_LURE,,2026-09-30T01:59:32.027Z,2026-09-30T01:59:32.095Z,0,UNVERIFIED_POST_RUN_AUDIT,NOT_IMPLEMENTED_IN_DETECTOR,CONFIRMED,PER_RUN_CLEANUP_UNVERIFIED
legitimate-installer-4,legitimate-installer,benign,4,BENIGN,FLAGGED,EXECUTABLE_DOWNLOAD_LURE,,2026-09-30T01:59:32.105Z,2026-09-30T01:59:32.162Z,0,UNVERIFIED_POST_RUN_AUDIT,NOT_IMPLEMENTED_IN_DETECTOR,CONFIRMED,PER_RUN_CLEANUP_UNVERIFIED
legitimate-installer-5,legitimate-installer,benign,5,BENIGN,FLAGGED,EXECUTABLE_DOWNLOAD_LURE,,2026-09-30T01:59:32.172Z,2026-09-30T01:59:32.238Z,0,UNVERIFIED_POST_RUN_AUDIT,NOT_IMPLEMENTED_IN_DETECTOR,CONFIRMED,PER_RUN_CLEANUP_UNVERIFIED
plain-support-1,plain-support,benign,1,BENIGN,UNDETERMINED,,,2026-09-30T01:59:32.246Z,2026-09-30T01:59:32.306Z,0,UNVERIFIED_POST_RUN_AUDIT,NOT_IMPLEMENTED_IN_DETECTOR,CONFIRMED,PER_RUN_CLEANUP_UNVERIFIED
plain-support-2,plain-support,benign,2,BENIGN,UNDETERMINED,,,2026-09-30T01:59:32.314Z,2026-09-30T01:59:32.375Z,0,UNVERIFIED_POST_RUN_AUDIT,NOT_IMPLEMENTED_IN_DETECTOR,CONFIRMED,PER_RUN_CLEANUP_UNVERIFIED
plain-support-3,plain-support,benign,3,BENIGN,UNDETERMINED,,,2026-09-30T01:59:32.384Z,2026-09-30T01:59:32.444Z,0,UNVERIFIED_POST_RUN_AUDIT,NOT_IMPLEMENTED_IN_DETECTOR,CONFIRMED,PER_RUN_CLEANUP_UNVERIFIED
plain-support-4,plain-support,benign,4,BENIGN,UNDETERMINED,,,2026-09-30T01:59:32.455Z,2026-09-30T01:59:32.519Z,0,UNVERIFIED_POST_RUN_AUDIT,NOT_IMPLEMENTED_IN_DETECTOR,CONFIRMED,PER_RUN_CLEANUP_UNVERIFIED
plain-support-5,plain-support,benign,5,BENIGN,UNDETERMINED,,,2026-09-30T01:59:32.528Z,2026-09-30T01:59:32.589Z,0,UNVERIFIED_POST_RUN_AUDIT,NOT_IMPLEMENTED_IN_DETECTOR,CONFIRMED,PER_RUN_CLEANUP_UNVERIFIED
credential-mail-1,credential-mail,credential,1,MALICIOUS,FLAGGED,CREDENTIAL_PHISHING,,2026-09-30T01:59:32.600Z,2026-09-30T01:59:32.662Z,0,UNVERIFIED_POST_RUN_AUDIT,NOT_IMPLEMENTED_IN_DETECTOR,CONFIRMED,PER_RUN_CLEANUP_UNVERIFIED
credential-mail-2,credential-mail,credential,2,MALICIOUS,FLAGGED,CREDENTIAL_PHISHING,,2026-09-30T01:59:32.673Z,2026-09-30T01:59:32.737Z,0,UNVERIFIED_POST_RUN_AUDIT,NOT_IMPLEMENTED_IN_DETECTOR,CONFIRMED,PER_RUN_CLEANUP_UNVERIFIED
credential-mail-3,credential-mail,credential,3,MALICIOUS,FLAGGED,CREDENTIAL_PHISHING,,2026-09-30T01:59:32.746Z,2026-09-30T01:59:32.806Z,0,UNVERIFIED_POST_RUN_AUDIT,NOT_IMPLEMENTED_IN_DETECTOR,CONFIRMED,PER_RUN_CLEANUP_UNVERIFIED
credential-mail-4,credential-mail,credential,4,MALICIOUS,FLAGGED,CREDENTIAL_PHISHING,,2026-09-30T01:59:32.816Z,2026-09-30T01:59:32.878Z,0,UNVERIFIED_POST_RUN_AUDIT,NOT_IMPLEMENTED_IN_DETECTOR,CONFIRMED,PER_RUN_CLEANUP_UNVERIFIED
credential-mail-5,credential-mail,credential,5,MALICIOUS,FLAGGED,CREDENTIAL_PHISHING,,2026-09-30T01:59:32.892Z,2026-09-30T01:59:32.960Z,0,UNVERIFIED_POST_RUN_AUDIT,NOT_IMPLEMENTED_IN_DETECTOR,CONFIRMED,PER_RUN_CLEANUP_UNVERIFIED
credential-payroll-1,credential-payroll,credential,1,MALICIOUS,FLAGGED,CREDENTIAL_PHISHING|CROSS_ORIGIN_CREDENTIAL_SUBMISSION,,2026-09-30T01:59:32.972Z,2026-09-30T01:59:33.039Z,0,UNVERIFIED_POST_RUN_AUDIT,NOT_IMPLEMENTED_IN_DETECTOR,CONFIRMED,PER_RUN_CLEANUP_UNVERIFIED
credential-payroll-2,credential-payroll,credential,2,MALICIOUS,FLAGGED,CREDENTIAL_PHISHING|CROSS_ORIGIN_CREDENTIAL_SUBMISSION,,2026-09-30T01:59:33.048Z,2026-09-30T01:59:33.121Z,0,UNVERIFIED_POST_RUN_AUDIT,NOT_IMPLEMENTED_IN_DETECTOR,CONFIRMED,PER_RUN_CLEANUP_UNVERIFIED
credential-payroll-3,credential-payroll,credential,3,MALICIOUS,FLAGGED,CREDENTIAL_PHISHING|CROSS_ORIGIN_CREDENTIAL_SUBMISSION,,2026-09-30T01:59:33.132Z,2026-09-30T01:59:33.201Z,0,UNVERIFIED_POST_RUN_AUDIT,NOT_IMPLEMENTED_IN_DETECTOR,CONFIRMED,PER_RUN_CLEANUP_UNVERIFIED
credential-payroll-4,credential-payroll,credential,4,MALICIOUS,FLAGGED,CREDENTIAL_PHISHING|CROSS_ORIGIN_CREDENTIAL_SUBMISSION,,2026-09-30T01:59:33.209Z,2026-09-30T01:59:33.282Z,0,UNVERIFIED_POST_RUN_AUDIT,NOT_IMPLEMENTED_IN_DETECTOR,CONFIRMED,PER_RUN_CLEANUP_UNVERIFIED
credential-payroll-5,credential-payroll,credential,5,MALICIOUS,FLAGGED,CREDENTIAL_PHISHING|CROSS_ORIGIN_CREDENTIAL_SUBMISSION,,2026-09-30T01:59:33.290Z,2026-09-30T01:59:33.352Z,0,UNVERIFIED_POST_RUN_AUDIT,NOT_IMPLEMENTED_IN_DETECTOR,CONFIRMED,PER_RUN_CLEANUP_UNVERIFIED
credential-shared-file-1,credential-shared-file,credential,1,MALICIOUS,FLAGGED,CREDENTIAL_PHISHING,,2026-09-30T01:59:33.360Z,2026-09-30T01:59:33.422Z,0,UNVERIFIED_POST_RUN_AUDIT,NOT_IMPLEMENTED_IN_DETECTOR,CONFIRMED,PER_RUN_CLEANUP_UNVERIFIED
credential-shared-file-2,credential-shared-file,credential,2,MALICIOUS,FLAGGED,CREDENTIAL_PHISHING,,2026-09-30T01:59:33.431Z,2026-09-30T01:59:33.491Z,0,UNVERIFIED_POST_RUN_AUDIT,NOT_IMPLEMENTED_IN_DETECTOR,CONFIRMED,PER_RUN_CLEANUP_UNVERIFIED
credential-shared-file-3,credential-shared-file,credential,3,MALICIOUS,FLAGGED,CREDENTIAL_PHISHING,,2026-09-30T01:59:33.499Z,2026-09-30T01:59:33.564Z,0,UNVERIFIED_POST_RUN_AUDIT,NOT_IMPLEMENTED_IN_DETECTOR,CONFIRMED,PER_RUN_CLEANUP_UNVERIFIED
credential-shared-file-4,credential-shared-file,credential,4,MALICIOUS,FLAGGED,CREDENTIAL_PHISHING,,2026-09-30T01:59:33.571Z,2026-09-30T01:59:33.635Z,0,UNVERIFIED_POST_RUN_AUDIT,NOT_IMPLEMENTED_IN_DETECTOR,CONFIRMED,PER_RUN_CLEANUP_UNVERIFIED
credential-shared-file-5,credential-shared-file,credential,5,MALICIOUS,FLAGGED,CREDENTIAL_PHISHING,,2026-09-30T01:59:33.643Z,2026-09-30T01:59:33.704Z,0,UNVERIFIED_POST_RUN_AUDIT,NOT_IMPLEMENTED_IN_DETECTOR,CONFIRMED,PER_RUN_CLEANUP_UNVERIFIED
credential-text-only-1,credential-text-only,credential,1,MALICIOUS,UNDETERMINED,,,2026-09-30T01:59:33.712Z,2026-09-30T01:59:33.777Z,0,UNVERIFIED_POST_RUN_AUDIT,NOT_IMPLEMENTED_IN_DETECTOR,CONFIRMED,PER_RUN_CLEANUP_UNVERIFIED
credential-text-only-2,credential-text-only,credential,2,MALICIOUS,UNDETERMINED,,,2026-09-30T01:59:33.784Z,2026-09-30T01:59:33.842Z,0,UNVERIFIED_POST_RUN_AUDIT,NOT_IMPLEMENTED_IN_DETECTOR,CONFIRMED,PER_RUN_CLEANUP_UNVERIFIED
credential-text-only-3,credential-text-only,credential,3,MALICIOUS,UNDETERMINED,,,2026-09-30T01:59:33.851Z,2026-09-30T01:59:33.908Z,0,UNVERIFIED_POST_RUN_AUDIT,NOT_IMPLEMENTED_IN_DETECTOR,CONFIRMED,PER_RUN_CLEANUP_UNVERIFIED
credential-text-only-4,credential-text-only,credential,4,MALICIOUS,UNDETERMINED,,,2026-09-30T01:59:33.920Z,2026-09-30T01:59:33.985Z,0,UNVERIFIED_POST_RUN_AUDIT,NOT_IMPLEMENTED_IN_DETECTOR,CONFIRMED,PER_RUN_CLEANUP_UNVERIFIED
credential-text-only-5,credential-text-only,credential,5,MALICIOUS,UNDETERMINED,,,2026-09-30T01:59:33.993Z,2026-09-30T01:59:34.058Z,0,UNVERIFIED_POST_RUN_AUDIT,NOT_IMPLEMENTED_IN_DETECTOR,CONFIRMED,PER_RUN_CLEANUP_UNVERIFIED
brand-mail-login-1,brand-mail-login,brand-mismatch,1,MALICIOUS,FLAGGED,CREDENTIAL_PHISHING,,2026-09-30T01:59:34.069Z,2026-09-30T01:59:34.125Z,0,UNVERIFIED_POST_RUN_AUDIT,NOT_IMPLEMENTED_IN_DETECTOR,CONFIRMED,PER_RUN_CLEANUP_UNVERIFIED
brand-mail-login-2,brand-mail-login,brand-mismatch,2,MALICIOUS,FLAGGED,CREDENTIAL_PHISHING,,2026-09-30T01:59:34.137Z,2026-09-30T01:59:34.196Z,0,UNVERIFIED_POST_RUN_AUDIT,NOT_IMPLEMENTED_IN_DETECTOR,CONFIRMED,PER_RUN_CLEANUP_UNVERIFIED
brand-mail-login-3,brand-mail-login,brand-mismatch,3,MALICIOUS,FLAGGED,CREDENTIAL_PHISHING,,2026-09-30T01:59:34.205Z,2026-09-30T01:59:34.264Z,0,UNVERIFIED_POST_RUN_AUDIT,NOT_IMPLEMENTED_IN_DETECTOR,CONFIRMED,PER_RUN_CLEANUP_UNVERIFIED
brand-mail-login-4,brand-mail-login,brand-mismatch,4,MALICIOUS,FLAGGED,CREDENTIAL_PHISHING,,2026-09-30T01:59:34.274Z,2026-09-30T01:59:34.352Z,0,UNVERIFIED_POST_RUN_AUDIT,NOT_IMPLEMENTED_IN_DETECTOR,CONFIRMED,PER_RUN_CLEANUP_UNVERIFIED
brand-mail-login-5,brand-mail-login,brand-mismatch,5,MALICIOUS,FLAGGED,CREDENTIAL_PHISHING,,2026-09-30T01:59:34.364Z,2026-09-30T01:59:34.424Z,0,UNVERIFIED_POST_RUN_AUDIT,NOT_IMPLEMENTED_IN_DETECTOR,CONFIRMED,PER_RUN_CLEANUP_UNVERIFIED
brand-bank-login-1,brand-bank-login,brand-mismatch,1,MALICIOUS,FLAGGED,CREDENTIAL_PHISHING|CROSS_ORIGIN_CREDENTIAL_SUBMISSION,,2026-09-30T01:59:34.438Z,2026-09-30T01:59:34.502Z,0,UNVERIFIED_POST_RUN_AUDIT,NOT_IMPLEMENTED_IN_DETECTOR,CONFIRMED,PER_RUN_CLEANUP_UNVERIFIED
brand-bank-login-2,brand-bank-login,brand-mismatch,2,MALICIOUS,FLAGGED,CREDENTIAL_PHISHING|CROSS_ORIGIN_CREDENTIAL_SUBMISSION,,2026-09-30T01:59:34.510Z,2026-09-30T01:59:34.570Z,0,UNVERIFIED_POST_RUN_AUDIT,NOT_IMPLEMENTED_IN_DETECTOR,CONFIRMED,PER_RUN_CLEANUP_UNVERIFIED
brand-bank-login-3,brand-bank-login,brand-mismatch,3,MALICIOUS,FLAGGED,CREDENTIAL_PHISHING|CROSS_ORIGIN_CREDENTIAL_SUBMISSION,,2026-09-30T01:59:34.578Z,2026-09-30T01:59:34.638Z,0,UNVERIFIED_POST_RUN_AUDIT,NOT_IMPLEMENTED_IN_DETECTOR,CONFIRMED,PER_RUN_CLEANUP_UNVERIFIED
brand-bank-login-4,brand-bank-login,brand-mismatch,4,MALICIOUS,FLAGGED,CREDENTIAL_PHISHING|CROSS_ORIGIN_CREDENTIAL_SUBMISSION,,2026-09-30T01:59:34.646Z,2026-09-30T01:59:34.704Z,0,UNVERIFIED_POST_RUN_AUDIT,NOT_IMPLEMENTED_IN_DETECTOR,CONFIRMED,PER_RUN_CLEANUP_UNVERIFIED
brand-bank-login-5,brand-bank-login,brand-mismatch,5,MALICIOUS,FLAGGED,CREDENTIAL_PHISHING|CROSS_ORIGIN_CREDENTIAL_SUBMISSION,,2026-09-30T01:59:34.711Z,2026-09-30T01:59:34.774Z,0,UNVERIFIED_POST_RUN_AUDIT,NOT_IMPLEMENTED_IN_DETECTOR,CONFIRMED,PER_RUN_CLEANUP_UNVERIFIED
brand-mail-text-1,brand-mail-text,brand-mismatch,1,MALICIOUS,UNDETERMINED,,,2026-09-30T01:59:34.783Z,2026-09-30T01:59:34.841Z,0,UNVERIFIED_POST_RUN_AUDIT,NOT_IMPLEMENTED_IN_DETECTOR,CONFIRMED,PER_RUN_CLEANUP_UNVERIFIED
brand-mail-text-2,brand-mail-text,brand-mismatch,2,MALICIOUS,UNDETERMINED,,,2026-09-30T01:59:34.849Z,2026-09-30T01:59:34.914Z,0,UNVERIFIED_POST_RUN_AUDIT,NOT_IMPLEMENTED_IN_DETECTOR,CONFIRMED,PER_RUN_CLEANUP_UNVERIFIED
brand-mail-text-3,brand-mail-text,brand-mismatch,3,MALICIOUS,UNDETERMINED,,,2026-09-30T01:59:34.926Z,2026-09-30T01:59:34.990Z,0,UNVERIFIED_POST_RUN_AUDIT,NOT_IMPLEMENTED_IN_DETECTOR,CONFIRMED,PER_RUN_CLEANUP_UNVERIFIED
brand-mail-text-4,brand-mail-text,brand-mismatch,4,MALICIOUS,UNDETERMINED,,,2026-09-30T01:59:34.999Z,2026-09-30T01:59:35.056Z,0,UNVERIFIED_POST_RUN_AUDIT,NOT_IMPLEMENTED_IN_DETECTOR,CONFIRMED,PER_RUN_CLEANUP_UNVERIFIED
brand-mail-text-5,brand-mail-text,brand-mismatch,5,MALICIOUS,UNDETERMINED,,,2026-09-30T01:59:35.065Z,2026-09-30T01:59:35.124Z,0,UNVERIFIED_POST_RUN_AUDIT,NOT_IMPLEMENTED_IN_DETECTOR,CONFIRMED,PER_RUN_CLEANUP_UNVERIFIED
brand-bank-text-1,brand-bank-text,brand-mismatch,1,MALICIOUS,UNDETERMINED,,,2026-09-30T01:59:35.132Z,2026-09-30T01:59:35.190Z,0,UNVERIFIED_POST_RUN_AUDIT,NOT_IMPLEMENTED_IN_DETECTOR,CONFIRMED,PER_RUN_CLEANUP_UNVERIFIED
brand-bank-text-2,brand-bank-text,brand-mismatch,2,MALICIOUS,UNDETERMINED,,,2026-09-30T01:59:35.201Z,2026-09-30T01:59:35.258Z,0,UNVERIFIED_POST_RUN_AUDIT,NOT_IMPLEMENTED_IN_DETECTOR,CONFIRMED,PER_RUN_CLEANUP_UNVERIFIED
brand-bank-text-3,brand-bank-text,brand-mismatch,3,MALICIOUS,UNDETERMINED,,,2026-09-30T01:59:35.266Z,2026-09-30T01:59:35.337Z,0,UNVERIFIED_POST_RUN_AUDIT,NOT_IMPLEMENTED_IN_DETECTOR,CONFIRMED,PER_RUN_CLEANUP_UNVERIFIED
brand-bank-text-4,brand-bank-text,brand-mismatch,4,MALICIOUS,UNDETERMINED,,,2026-09-30T01:59:35.352Z,2026-09-30T01:59:35.435Z,0,UNVERIFIED_POST_RUN_AUDIT,NOT_IMPLEMENTED_IN_DETECTOR,CONFIRMED,PER_RUN_CLEANUP_UNVERIFIED
brand-bank-text-5,brand-bank-text,brand-mismatch,5,MALICIOUS,UNDETERMINED,,,2026-09-30T01:59:35.444Z,2026-09-30T01:59:35.506Z,0,UNVERIFIED_POST_RUN_AUDIT,NOT_IMPLEMENTED_IN_DETECTOR,CONFIRMED,PER_RUN_CLEANUP_UNVERIFIED
redirect-login-1,redirect-login,redirect,1,MALICIOUS,FLAGGED,CREDENTIAL_PHISHING,,2026-09-30T01:59:35.516Z,2026-09-30T01:59:35.594Z,0,UNVERIFIED_POST_RUN_AUDIT,NOT_IMPLEMENTED_IN_DETECTOR,CONFIRMED,PER_RUN_CLEANUP_UNVERIFIED
redirect-login-2,redirect-login,redirect,2,MALICIOUS,FLAGGED,CREDENTIAL_PHISHING,,2026-09-30T01:59:35.602Z,2026-09-30T01:59:35.674Z,0,UNVERIFIED_POST_RUN_AUDIT,NOT_IMPLEMENTED_IN_DETECTOR,CONFIRMED,PER_RUN_CLEANUP_UNVERIFIED
redirect-login-3,redirect-login,redirect,3,MALICIOUS,FLAGGED,CREDENTIAL_PHISHING,,2026-09-30T01:59:35.685Z,2026-09-30T01:59:35.759Z,0,UNVERIFIED_POST_RUN_AUDIT,NOT_IMPLEMENTED_IN_DETECTOR,CONFIRMED,PER_RUN_CLEANUP_UNVERIFIED
redirect-login-4,redirect-login,redirect,4,MALICIOUS,FLAGGED,CREDENTIAL_PHISHING,,2026-09-30T01:59:35.770Z,2026-09-30T01:59:35.848Z,0,UNVERIFIED_POST_RUN_AUDIT,NOT_IMPLEMENTED_IN_DETECTOR,CONFIRMED,PER_RUN_CLEANUP_UNVERIFIED
redirect-login-5,redirect-login,redirect,5,MALICIOUS,FLAGGED,CREDENTIAL_PHISHING,,2026-09-30T01:59:35.859Z,2026-09-30T01:59:35.937Z,0,UNVERIFIED_POST_RUN_AUDIT,NOT_IMPLEMENTED_IN_DETECTOR,CONFIRMED,PER_RUN_CLEANUP_UNVERIFIED
redirect-external-form-1,redirect-external-form,redirect,1,MALICIOUS,FLAGGED,CREDENTIAL_PHISHING|CROSS_ORIGIN_CREDENTIAL_SUBMISSION,,2026-09-30T01:59:35.948Z,2026-09-30T01:59:36.024Z,0,UNVERIFIED_POST_RUN_AUDIT,NOT_IMPLEMENTED_IN_DETECTOR,CONFIRMED,PER_RUN_CLEANUP_UNVERIFIED
redirect-external-form-2,redirect-external-form,redirect,2,MALICIOUS,FLAGGED,CREDENTIAL_PHISHING|CROSS_ORIGIN_CREDENTIAL_SUBMISSION,,2026-09-30T01:59:36.037Z,2026-09-30T01:59:36.106Z,0,UNVERIFIED_POST_RUN_AUDIT,NOT_IMPLEMENTED_IN_DETECTOR,CONFIRMED,PER_RUN_CLEANUP_UNVERIFIED
redirect-external-form-3,redirect-external-form,redirect,3,MALICIOUS,FLAGGED,CREDENTIAL_PHISHING|CROSS_ORIGIN_CREDENTIAL_SUBMISSION,,2026-09-30T01:59:36.115Z,2026-09-30T01:59:36.190Z,0,UNVERIFIED_POST_RUN_AUDIT,NOT_IMPLEMENTED_IN_DETECTOR,CONFIRMED,PER_RUN_CLEANUP_UNVERIFIED
redirect-external-form-4,redirect-external-form,redirect,4,MALICIOUS,FLAGGED,CREDENTIAL_PHISHING|CROSS_ORIGIN_CREDENTIAL_SUBMISSION,,2026-09-30T01:59:36.200Z,2026-09-30T01:59:36.272Z,0,UNVERIFIED_POST_RUN_AUDIT,NOT_IMPLEMENTED_IN_DETECTOR,CONFIRMED,PER_RUN_CLEANUP_UNVERIFIED
redirect-external-form-5,redirect-external-form,redirect,5,MALICIOUS,FLAGGED,CREDENTIAL_PHISHING|CROSS_ORIGIN_CREDENTIAL_SUBMISSION,,2026-09-30T01:59:36.281Z,2026-09-30T01:59:36.355Z,0,UNVERIFIED_POST_RUN_AUDIT,NOT_IMPLEMENTED_IN_DETECTOR,CONFIRMED,PER_RUN_CLEANUP_UNVERIFIED
redirect-text-1,redirect-text,redirect,1,MALICIOUS,UNDETERMINED,,,2026-09-30T01:59:36.364Z,2026-09-30T01:59:36.440Z,0,UNVERIFIED_POST_RUN_AUDIT,NOT_IMPLEMENTED_IN_DETECTOR,CONFIRMED,PER_RUN_CLEANUP_UNVERIFIED
redirect-text-2,redirect-text,redirect,2,MALICIOUS,UNDETERMINED,,,2026-09-30T01:59:36.449Z,2026-09-30T01:59:36.523Z,0,UNVERIFIED_POST_RUN_AUDIT,NOT_IMPLEMENTED_IN_DETECTOR,CONFIRMED,PER_RUN_CLEANUP_UNVERIFIED
redirect-text-3,redirect-text,redirect,3,MALICIOUS,UNDETERMINED,,,2026-09-30T01:59:36.533Z,2026-09-30T01:59:36.604Z,0,UNVERIFIED_POST_RUN_AUDIT,NOT_IMPLEMENTED_IN_DETECTOR,CONFIRMED,PER_RUN_CLEANUP_UNVERIFIED
redirect-text-4,redirect-text,redirect,4,MALICIOUS,UNDETERMINED,,,2026-09-30T01:59:36.614Z,2026-09-30T01:59:36.685Z,0,UNVERIFIED_POST_RUN_AUDIT,NOT_IMPLEMENTED_IN_DETECTOR,CONFIRMED,PER_RUN_CLEANUP_UNVERIFIED
redirect-text-5,redirect-text,redirect,5,MALICIOUS,UNDETERMINED,,,2026-09-30T01:59:36.694Z,2026-09-30T01:59:36.769Z,0,UNVERIFIED_POST_RUN_AUDIT,NOT_IMPLEMENTED_IN_DETECTOR,CONFIRMED,PER_RUN_CLEANUP_UNVERIFIED
redirect-payload-1,redirect-payload,redirect,1,MALICIOUS,UNDETERMINED,,,2026-09-30T01:59:36.777Z,2026-09-30T01:59:36.848Z,0,UNVERIFIED_POST_RUN_AUDIT,NOT_IMPLEMENTED_IN_DETECTOR,CONFIRMED,PER_RUN_CLEANUP_UNVERIFIED
redirect-payload-2,redirect-payload,redirect,2,MALICIOUS,UNDETERMINED,,,2026-09-30T01:59:36.857Z,2026-09-30T01:59:36.927Z,0,UNVERIFIED_POST_RUN_AUDIT,NOT_IMPLEMENTED_IN_DETECTOR,CONFIRMED,PER_RUN_CLEANUP_UNVERIFIED
redirect-payload-3,redirect-payload,redirect,3,MALICIOUS,UNDETERMINED,,,2026-09-30T01:59:36.938Z,2026-09-30T01:59:37.006Z,0,UNVERIFIED_POST_RUN_AUDIT,NOT_IMPLEMENTED_IN_DETECTOR,CONFIRMED,PER_RUN_CLEANUP_UNVERIFIED
redirect-payload-4,redirect-payload,redirect,4,MALICIOUS,UNDETERMINED,,,2026-09-30T01:59:37.015Z,2026-09-30T01:59:37.088Z,0,UNVERIFIED_POST_RUN_AUDIT,NOT_IMPLEMENTED_IN_DETECTOR,CONFIRMED,PER_RUN_CLEANUP_UNVERIFIED
redirect-payload-5,redirect-payload,redirect,5,MALICIOUS,UNDETERMINED,,,2026-09-30T01:59:37.097Z,2026-09-30T01:59:37.179Z,0,UNVERIFIED_POST_RUN_AUDIT,NOT_IMPLEMENTED_IN_DETECTOR,CONFIRMED,PER_RUN_CLEANUP_UNVERIFIED
download-update-1,download-update,download,1,MALICIOUS,FLAGGED,EXECUTABLE_DOWNLOAD_LURE,,2026-09-30T01:59:37.189Z,2026-09-30T01:59:37.253Z,0,UNVERIFIED_POST_RUN_AUDIT,NOT_IMPLEMENTED_IN_DETECTOR,CONFIRMED,PER_RUN_CLEANUP_UNVERIFIED
download-update-2,download-update,download,2,MALICIOUS,FLAGGED,EXECUTABLE_DOWNLOAD_LURE,,2026-09-30T01:59:37.265Z,2026-09-30T01:59:37.325Z,0,UNVERIFIED_POST_RUN_AUDIT,NOT_IMPLEMENTED_IN_DETECTOR,CONFIRMED,PER_RUN_CLEANUP_UNVERIFIED
download-update-3,download-update,download,3,MALICIOUS,FLAGGED,EXECUTABLE_DOWNLOAD_LURE,,2026-09-30T01:59:37.336Z,2026-09-30T01:59:37.400Z,0,UNVERIFIED_POST_RUN_AUDIT,NOT_IMPLEMENTED_IN_DETECTOR,CONFIRMED,PER_RUN_CLEANUP_UNVERIFIED
download-update-4,download-update,download,4,MALICIOUS,FLAGGED,EXECUTABLE_DOWNLOAD_LURE,,2026-09-30T01:59:37.409Z,2026-09-30T01:59:37.470Z,0,UNVERIFIED_POST_RUN_AUDIT,NOT_IMPLEMENTED_IN_DETECTOR,CONFIRMED,PER_RUN_CLEANUP_UNVERIFIED
download-update-5,download-update,download,5,MALICIOUS,FLAGGED,EXECUTABLE_DOWNLOAD_LURE,,2026-09-30T01:59:37.481Z,2026-09-30T01:59:37.546Z,0,UNVERIFIED_POST_RUN_AUDIT,NOT_IMPLEMENTED_IN_DETECTOR,CONFIRMED,PER_RUN_CLEANUP_UNVERIFIED
download-codec-1,download-codec,download,1,MALICIOUS,FLAGGED,EXECUTABLE_DOWNLOAD_LURE,,2026-09-30T01:59:37.557Z,2026-09-30T01:59:37.628Z,0,UNVERIFIED_POST_RUN_AUDIT,NOT_IMPLEMENTED_IN_DETECTOR,CONFIRMED,PER_RUN_CLEANUP_UNVERIFIED
download-codec-2,download-codec,download,2,MALICIOUS,FLAGGED,EXECUTABLE_DOWNLOAD_LURE,,2026-09-30T01:59:37.639Z,2026-09-30T01:59:37.698Z,0,UNVERIFIED_POST_RUN_AUDIT,NOT_IMPLEMENTED_IN_DETECTOR,CONFIRMED,PER_RUN_CLEANUP_UNVERIFIED
download-codec-3,download-codec,download,3,MALICIOUS,FLAGGED,EXECUTABLE_DOWNLOAD_LURE,,2026-09-30T01:59:37.709Z,2026-09-30T01:59:37.769Z,0,UNVERIFIED_POST_RUN_AUDIT,NOT_IMPLEMENTED_IN_DETECTOR,CONFIRMED,PER_RUN_CLEANUP_UNVERIFIED
download-codec-4,download-codec,download,4,MALICIOUS,FLAGGED,EXECUTABLE_DOWNLOAD_LURE,,2026-09-30T01:59:37.777Z,2026-09-30T01:59:37.841Z,0,UNVERIFIED_POST_RUN_AUDIT,NOT_IMPLEMENTED_IN_DETECTOR,CONFIRMED,PER_RUN_CLEANUP_UNVERIFIED
download-codec-5,download-codec,download,5,MALICIOUS,FLAGGED,EXECUTABLE_DOWNLOAD_LURE,,2026-09-30T01:59:37.851Z,2026-09-30T01:59:37.910Z,0,UNVERIFIED_POST_RUN_AUDIT,NOT_IMPLEMENTED_IN_DETECTOR,CONFIRMED,PER_RUN_CLEANUP_UNVERIFIED
download-plain-1,download-plain,download,1,MALICIOUS,UNDETERMINED,,,2026-09-30T01:59:37.924Z,2026-09-30T01:59:37.988Z,0,UNVERIFIED_POST_RUN_AUDIT,NOT_IMPLEMENTED_IN_DETECTOR,CONFIRMED,PER_RUN_CLEANUP_UNVERIFIED
download-plain-2,download-plain,download,2,MALICIOUS,UNDETERMINED,,,2026-09-30T01:59:37.997Z,2026-09-30T01:59:38.055Z,0,UNVERIFIED_POST_RUN_AUDIT,NOT_IMPLEMENTED_IN_DETECTOR,CONFIRMED,PER_RUN_CLEANUP_UNVERIFIED
download-plain-3,download-plain,download,3,MALICIOUS,UNDETERMINED,,,2026-09-30T01:59:38.065Z,2026-09-30T01:59:38.128Z,0,UNVERIFIED_POST_RUN_AUDIT,NOT_IMPLEMENTED_IN_DETECTOR,CONFIRMED,PER_RUN_CLEANUP_UNVERIFIED
download-plain-4,download-plain,download,4,MALICIOUS,UNDETERMINED,,,2026-09-30T01:59:38.138Z,2026-09-30T01:59:38.200Z,0,UNVERIFIED_POST_RUN_AUDIT,NOT_IMPLEMENTED_IN_DETECTOR,CONFIRMED,PER_RUN_CLEANUP_UNVERIFIED
download-plain-5,download-plain,download,5,MALICIOUS,UNDETERMINED,,,2026-09-30T01:59:38.208Z,2026-09-30T01:59:38.269Z,0,UNVERIFIED_POST_RUN_AUDIT,NOT_IMPLEMENTED_IN_DETECTOR,CONFIRMED,PER_RUN_CLEANUP_UNVERIFIED
download-extensionless-1,download-extensionless,download,1,MALICIOUS,UNDETERMINED,,,2026-09-30T01:59:38.278Z,2026-09-30T01:59:38.335Z,0,UNVERIFIED_POST_RUN_AUDIT,NOT_IMPLEMENTED_IN_DETECTOR,CONFIRMED,PER_RUN_CLEANUP_UNVERIFIED
download-extensionless-2,download-extensionless,download,2,MALICIOUS,UNDETERMINED,,,2026-09-30T01:59:38.345Z,2026-09-30T01:59:38.409Z,0,UNVERIFIED_POST_RUN_AUDIT,NOT_IMPLEMENTED_IN_DETECTOR,CONFIRMED,PER_RUN_CLEANUP_UNVERIFIED
download-extensionless-3,download-extensionless,download,3,MALICIOUS,UNDETERMINED,,,2026-09-30T01:59:38.419Z,2026-09-30T01:59:38.484Z,0,UNVERIFIED_POST_RUN_AUDIT,NOT_IMPLEMENTED_IN_DETECTOR,CONFIRMED,PER_RUN_CLEANUP_UNVERIFIED
download-extensionless-4,download-extensionless,download,4,MALICIOUS,UNDETERMINED,,,2026-09-30T01:59:38.492Z,2026-09-30T01:59:38.553Z,0,UNVERIFIED_POST_RUN_AUDIT,NOT_IMPLEMENTED_IN_DETECTOR,CONFIRMED,PER_RUN_CLEANUP_UNVERIFIED
download-extensionless-5,download-extensionless,download,5,MALICIOUS,UNDETERMINED,,,2026-09-30T01:59:38.561Z,2026-09-30T01:59:38.621Z,0,UNVERIFIED_POST_RUN_AUDIT,NOT_IMPLEMENTED_IN_DETECTOR,CONFIRMED,PER_RUN_CLEANUP_UNVERIFIED
mixed-clickfix-1,mixed-clickfix,mixed,1,MALICIOUS,FLAGGED,CLICKFIX,,2026-09-30T01:59:38.631Z,2026-09-30T01:59:38.690Z,0,UNVERIFIED_POST_RUN_AUDIT,NOT_IMPLEMENTED_IN_DETECTOR,CONFIRMED,PER_RUN_CLEANUP_UNVERIFIED
mixed-clickfix-2,mixed-clickfix,mixed,2,MALICIOUS,FLAGGED,CLICKFIX,,2026-09-30T01:59:38.699Z,2026-09-30T01:59:38.758Z,0,UNVERIFIED_POST_RUN_AUDIT,NOT_IMPLEMENTED_IN_DETECTOR,CONFIRMED,PER_RUN_CLEANUP_UNVERIFIED
mixed-clickfix-3,mixed-clickfix,mixed,3,MALICIOUS,FLAGGED,CLICKFIX,,2026-09-30T01:59:38.770Z,2026-09-30T01:59:38.845Z,0,UNVERIFIED_POST_RUN_AUDIT,NOT_IMPLEMENTED_IN_DETECTOR,CONFIRMED,PER_RUN_CLEANUP_UNVERIFIED
mixed-clickfix-4,mixed-clickfix,mixed,4,MALICIOUS,FLAGGED,CLICKFIX,,2026-09-30T01:59:38.856Z,2026-09-30T01:59:38.934Z,0,UNVERIFIED_POST_RUN_AUDIT,NOT_IMPLEMENTED_IN_DETECTOR,CONFIRMED,PER_RUN_CLEANUP_UNVERIFIED
mixed-clickfix-5,mixed-clickfix,mixed,5,MALICIOUS,FLAGGED,CLICKFIX,,2026-09-30T01:59:38.942Z,2026-09-30T01:59:39.005Z,0,UNVERIFIED_POST_RUN_AUDIT,NOT_IMPLEMENTED_IN_DETECTOR,CONFIRMED,PER_RUN_CLEANUP_UNVERIFIED
mixed-support-1,mixed-support,mixed,1,MALICIOUS,FLAGGED,TECH_SUPPORT_SCAM,,2026-09-30T01:59:39.020Z,2026-09-30T01:59:39.080Z,0,UNVERIFIED_POST_RUN_AUDIT,NOT_IMPLEMENTED_IN_DETECTOR,CONFIRMED,PER_RUN_CLEANUP_UNVERIFIED
mixed-support-2,mixed-support,mixed,2,MALICIOUS,FLAGGED,TECH_SUPPORT_SCAM,,2026-09-30T01:59:39.091Z,2026-09-30T01:59:39.150Z,0,UNVERIFIED_POST_RUN_AUDIT,NOT_IMPLEMENTED_IN_DETECTOR,CONFIRMED,PER_RUN_CLEANUP_UNVERIFIED
mixed-support-3,mixed-support,mixed,3,MALICIOUS,FLAGGED,TECH_SUPPORT_SCAM,,2026-09-30T01:59:39.161Z,2026-09-30T01:59:39.220Z,0,UNVERIFIED_POST_RUN_AUDIT,NOT_IMPLEMENTED_IN_DETECTOR,CONFIRMED,PER_RUN_CLEANUP_UNVERIFIED
mixed-support-4,mixed-support,mixed,4,MALICIOUS,FLAGGED,TECH_SUPPORT_SCAM,,2026-09-30T01:59:39.230Z,2026-09-30T01:59:39.292Z,0,UNVERIFIED_POST_RUN_AUDIT,NOT_IMPLEMENTED_IN_DETECTOR,CONFIRMED,PER_RUN_CLEANUP_UNVERIFIED
mixed-support-5,mixed-support,mixed,5,MALICIOUS,FLAGGED,TECH_SUPPORT_SCAM,,2026-09-30T01:59:39.302Z,2026-09-30T01:59:39.357Z,0,UNVERIFIED_POST_RUN_AUDIT,NOT_IMPLEMENTED_IN_DETECTOR,CONFIRMED,PER_RUN_CLEANUP_UNVERIFIED
ambiguous-login-1,ambiguous-login,mixed,1,AMBIGUOUS,FLAGGED,CREDENTIAL_PHISHING,,2026-09-30T01:59:39.366Z,2026-09-30T01:59:39.423Z,0,UNVERIFIED_POST_RUN_AUDIT,NOT_IMPLEMENTED_IN_DETECTOR,CONFIRMED,PER_RUN_CLEANUP_UNVERIFIED
ambiguous-login-2,ambiguous-login,mixed,2,AMBIGUOUS,FLAGGED,CREDENTIAL_PHISHING,,2026-09-30T01:59:39.432Z,2026-09-30T01:59:39.492Z,0,UNVERIFIED_POST_RUN_AUDIT,NOT_IMPLEMENTED_IN_DETECTOR,CONFIRMED,PER_RUN_CLEANUP_UNVERIFIED
ambiguous-login-3,ambiguous-login,mixed,3,AMBIGUOUS,FLAGGED,CREDENTIAL_PHISHING,,2026-09-30T01:59:39.506Z,2026-09-30T01:59:39.585Z,0,UNVERIFIED_POST_RUN_AUDIT,NOT_IMPLEMENTED_IN_DETECTOR,CONFIRMED,PER_RUN_CLEANUP_UNVERIFIED
ambiguous-login-4,ambiguous-login,mixed,4,AMBIGUOUS,FLAGGED,CREDENTIAL_PHISHING,,2026-09-30T01:59:39.598Z,2026-09-30T01:59:39.657Z,0,UNVERIFIED_POST_RUN_AUDIT,NOT_IMPLEMENTED_IN_DETECTOR,CONFIRMED,PER_RUN_CLEANUP_UNVERIFIED
ambiguous-login-5,ambiguous-login,mixed,5,AMBIGUOUS,FLAGGED,CREDENTIAL_PHISHING,,2026-09-30T01:59:39.666Z,2026-09-30T01:59:39.728Z,0,UNVERIFIED_POST_RUN_AUDIT,NOT_IMPLEMENTED_IN_DETECTOR,CONFIRMED,PER_RUN_CLEANUP_UNVERIFIED
ambiguous-update-1,ambiguous-update,mixed,1,AMBIGUOUS,FLAGGED,EXECUTABLE_DOWNLOAD_LURE,,2026-09-30T01:59:39.736Z,2026-09-30T01:59:39.794Z,0,UNVERIFIED_POST_RUN_AUDIT,NOT_IMPLEMENTED_IN_DETECTOR,CONFIRMED,PER_RUN_CLEANUP_UNVERIFIED
ambiguous-update-2,ambiguous-update,mixed,2,AMBIGUOUS,FLAGGED,EXECUTABLE_DOWNLOAD_LURE,,2026-09-30T01:59:39.804Z,2026-09-30T01:59:39.861Z,0,UNVERIFIED_POST_RUN_AUDIT,NOT_IMPLEMENTED_IN_DETECTOR,CONFIRMED,PER_RUN_CLEANUP_UNVERIFIED
ambiguous-update-3,ambiguous-update,mixed,3,AMBIGUOUS,FLAGGED,EXECUTABLE_DOWNLOAD_LURE,,2026-09-30T01:59:39.872Z,2026-09-30T01:59:39.934Z,0,UNVERIFIED_POST_RUN_AUDIT,NOT_IMPLEMENTED_IN_DETECTOR,CONFIRMED,PER_RUN_CLEANUP_UNVERIFIED
ambiguous-update-4,ambiguous-update,mixed,4,AMBIGUOUS,FLAGGED,EXECUTABLE_DOWNLOAD_LURE,,2026-09-30T01:59:39.944Z,2026-09-30T01:59:40.004Z,0,UNVERIFIED_POST_RUN_AUDIT,NOT_IMPLEMENTED_IN_DETECTOR,CONFIRMED,PER_RUN_CLEANUP_UNVERIFIED
ambiguous-update-5,ambiguous-update,mixed,5,AMBIGUOUS,FLAGGED,EXECUTABLE_DOWNLOAD_LURE,,2026-09-30T01:59:40.014Z,2026-09-30T01:59:40.074Z,0,UNVERIFIED_POST_RUN_AUDIT,NOT_IMPLEMENTED_IN_DETECTOR,CONFIRMED,PER_RUN_CLEANUP_UNVERIFIED
