"phase","index","startedAt","elapsedMs","sandboxId","execution","failure","findings","expectedFindings","cleanupState","reused","inspectionCount","disposition","collectionAndTransferMs","validationMs","decisionAfterValidationMs","workerBrowserLaunchMs","workerNavigationMs","workerFactsMs","workerScreenshotMs"
"CALIBRATED_REUSE","1","2026-09-30T02:28:56.844Z","1735.5487920000014","solari-e48c72a4a5e9fbebc5f1f6126cb6e5bd","SUCCEEDED","","","NONE_BY_CONTROLLED_TRUST_CALIBRATION","RETAINED","false","1","RETAINED","1628.1602080000011","5.497875000000931","0.7237079999977141","559.623545","223.20574599999998","18.811646999999994","235.307006"
"CALIBRATED_REUSE","2","2026-09-30T02:28:58.581Z","1486.7066670000058","solari-e48c72a4a5e9fbebc5f1f6126cb6e5bd","SUCCEEDED","","","NONE_BY_CONTROLLED_TRUST_CALIBRATION","RETAINED","true","2","RETAINED","1285.793958000002","2.4987079999991693","0.13441700000112178","566.001904","85.21583399999997","20.93627200000003","149.88683600000002"
"CALIBRATED_REUSE","3","2026-09-30T02:29:00.069Z","1371.1825829999943","solari-e48c72a4a5e9fbebc5f1f6126cb6e5bd","SUCCEEDED","","","NONE_BY_CONTROLLED_TRUST_CALIBRATION","RETAINED","true","3","RETAINED","1256.7251249999972","2.383958000005805","0.08795899999677204","563.374753","80.37685199999999","23.152867000000015","141.131669"
"CALIBRATED_REUSE","4","2026-09-30T02:29:01.441Z","1353.9854169999962","solari-e48c72a4a5e9fbebc5f1f6126cb6e5bd","SUCCEEDED","","","NONE_BY_CONTROLLED_TRUST_CALIBRATION","RETAINED","true","4","RETAINED","1253.0999579999989","2.412084000003233","0.11208299999998417","564.8015449999999","76.35992600000009","24.765523999999914","143.33558300000004"
"CALIBRATED_REUSE","5","2026-09-30T02:29:02.796Z","1457.2914999999994","solari-e48c72a4a5e9fbebc5f1f6126cb6e5bd","SUCCEEDED","","","NONE_BY_CONTROLLED_TRUST_CALIBRATION","RETAINED","true","5","RETAINED","1275.400834","3.4893750000046566","0.16974999999365536","559.5350030000001","76.989238","25.645910999999955","144.89714100000003"
"CALIBRATED_REUSE","6","2026-09-30T02:29:04.254Z","1352.6962499999936","solari-e48c72a4a5e9fbebc5f1f6126cb6e5bd","SUCCEEDED","","","NONE_BY_CONTROLLED_TRUST_CALIBRATION","RETAINED","true","6","RETAINED","1252.064833000004","3.421249999999418","0.16420900000230176","562.6555189999999","80.95068399999991","20.105649000000085","146.94845099999998"
"CALIBRATED_REUSE","7","2026-09-30T02:29:05.608Z","1414.0711670000019","solari-e48c72a4a5e9fbebc5f1f6126cb6e5bd","SUCCEEDED","","","NONE_BY_CONTROLLED_TRUST_CALIBRATION","RETAINED","true","7","RETAINED","1311.2771659999999","3.4425000000046566","0.13224999999511056","577.274413","75.26257800000008","22.22773799999993","153.981451"
"CALIBRATED_REUSE","8","2026-09-30T02:29:07.024Z","1447.2239169999957","solari-e48c72a4a5e9fbebc5f1f6126cb6e5bd","SUCCEEDED","","","NONE_BY_CONTROLLED_TRUST_CALIBRATION","RETAINED","true","8","RETAINED","1302.413999999997","1.514499999997497","0.05512499999895226","573.229146","77.34985900000004","28.00456399999996","151.59498499999995"
"CALIBRATED_REUSE","9","2026-09-30T02:29:08.472Z","1478.505833999996","solari-e48c72a4a5e9fbebc5f1f6126cb6e5bd","SUCCEEDED","","","NONE_BY_CONTROLLED_TRUST_CALIBRATION","RETAINED","true","9","RETAINED","1368.448249999994","3.4959170000001905","0.1991660000057891","573.0390639999999","78.67704500000002","24.157457000000022","143.98469"
"CALIBRATED_REUSE","10","2026-09-30T02:29:09.952Z","1462.4494999999952","solari-e48c72a4a5e9fbebc5f1f6126cb6e5bd","SUCCEEDED","","","NONE_BY_CONTROLLED_TRUST_CALIBRATION","RETAINED","true","10","RETAINED","1314.1907909999936","2.58283400000073","0.1041250000052969","571.945661","81.42861200000004","22.41363100000001","160.544624"
"CALIBRATED_REUSE","11","2026-09-30T02:29:11.415Z","1378.5874580000018","solari-e48c72a4a5e9fbebc5f1f6126cb6e5bd","SUCCEEDED","","","NONE_BY_CONTROLLED_TRUST_CALIBRATION","RETAINED","true","11","RETAINED","1277.380416","1.5568339999954333","0.04254100000252947","565.627336","78.90450699999997","22.993067999999994","156.27259800000002"
"CALIBRATED_REUSE","12","2026-09-30T02:29:12.794Z","1484.641208000001","solari-e48c72a4a5e9fbebc5f1f6126cb6e5bd","SUCCEEDED","","","NONE_BY_CONTROLLED_TRUST_CALIBRATION","RETAINED","true","12","RETAINED","1342.4644999999946","3.347165999999561","0.14995900000212714","577.6567319999999","87.72316999999998","22.611770000000092","157.0999589999999"
"CALIBRATED_REUSE","13","2026-09-30T02:29:14.280Z","1443.4767920000013","solari-e48c72a4a5e9fbebc5f1f6126cb6e5bd","SUCCEEDED","","","NONE_BY_CONTROLLED_TRUST_CALIBRATION","RETAINED","true","13","RETAINED","1343.2854999999981","2.2620000000024447","0.05929199999809498","575.4485510000001","87.6110470000001","24.684515999999917","150.86952400000007"
"CALIBRATED_REUSE","14","2026-09-30T02:29:15.724Z","1417.1012499999997","solari-e48c72a4a5e9fbebc5f1f6126cb6e5bd","SUCCEEDED","","","NONE_BY_CONTROLLED_TRUST_CALIBRATION","RETAINED","true","14","RETAINED","1310.8727080000026","3.0597080000006827","0.15920899999764515","573.3017199999999","74.44114099999979","22.192907000000105","154.49663400000009"
"CALIBRATED_REUSE","15","2026-09-30T02:29:17.142Z","1383.2043750000012","solari-e48c72a4a5e9fbebc5f1f6126cb6e5bd","SUCCEEDED","","","NONE_BY_CONTROLLED_TRUST_CALIBRATION","RETAINED","true","15","RETAINED","1273.161583000001","2.859083000003011","0.1510839999973541","572.0003770000001","75.00194799999997","20.99164799999994","154.50069900000005"
"CALIBRATED_REUSE","16","2026-09-30T02:29:18.526Z","1462.0596250000017","solari-e48c72a4a5e9fbebc5f1f6126cb6e5bd","SUCCEEDED","","","NONE_BY_CONTROLLED_TRUST_CALIBRATION","RETAINED","true","16","RETAINED","1283.554250000001","2.580708000001323","0.10337499999877764","573.878723","80.26117599999998","21.87094000000002","155.840687"
"CALIBRATED_REUSE","17","2026-09-30T02:29:19.989Z","1399.9151249999995","solari-e48c72a4a5e9fbebc5f1f6126cb6e5bd","SUCCEEDED","","","NONE_BY_CONTROLLED_TRUST_CALIBRATION","RETAINED","true","17","RETAINED","1288.1043749999953","1.6454999999987194","0.046875","566.3184170000001","78.64506000000006","24.642334000000005","150.51759100000004"
"CALIBRATED_REUSE","18","2026-09-30T02:29:21.389Z","1362.2226250000022","solari-e48c72a4a5e9fbebc5f1f6126cb6e5bd","SUCCEEDED","","","NONE_BY_CONTROLLED_TRUST_CALIBRATION","RETAINED","true","18","RETAINED","1261.3705830000035","1.6039590000000317","0.051124999998137355","563.990554","80.31739500000003","23.999963999999977","144.82719799999995"
"CALIBRATED_REUSE","19","2026-09-30T02:29:22.752Z","1414.4830419999998","solari-e48c72a4a5e9fbebc5f1f6126cb6e5bd","SUCCEEDED","","","NONE_BY_CONTROLLED_TRUST_CALIBRATION","RETAINED","true","19","RETAINED","1265.6626659999965","3.3817500000004657","0.17525000000023283","564.9258709999999","76.45470399999999","21.40659100000005","151.29730399999994"
"CALIBRATED_REUSE","20","2026-09-30T02:29:24.168Z","1360.4849170000016","solari-e48c72a4a5e9fbebc5f1f6126cb6e5bd","SUCCEEDED","","","NONE_BY_CONTROLLED_TRUST_CALIBRATION","RETAINED","true","20","RETAINED","1258.2027920000037","3.093124999999418","0.09579200000735","560.1801409999999","80.00951099999997","19.879702000000066","148.20859299999995"
"FLAGGED_RETIREMENT","1","2026-09-30T02:30:07.116Z","1552.1192500000034","solari-0f87616dcd244c63babff69e44b38cfc","SUCCEEDED","","CREDENTIAL_PHISHING","CREDENTIAL_PHISHING","PENDING","false","1","RETIRED","1448.7100409999985","4.086708999995608","1.804415999999037","545.0233410000001","99.916654","19.69640400000003","143.93413099999998"
