lockPath,name,version,license,dev,optional,directKind,installed,installedVersion,installedLicense,licenseMatches
node_modules/@esbuild/aix-ppc64,@esbuild/aix-ppc64,0.28.2,MIT,True,True,transitive,False,,,
node_modules/@esbuild/android-arm,@esbuild/android-arm,0.28.2,MIT,True,True,transitive,False,,,
node_modules/@esbuild/android-arm64,@esbuild/android-arm64,0.28.2,MIT,True,True,transitive,False,,,
node_modules/@esbuild/android-x64,@esbuild/android-x64,0.28.2,MIT,True,True,transitive,False,,,
node_modules/@esbuild/darwin-arm64,@esbuild/darwin-arm64,0.28.2,MIT,True,True,transitive,True,0.28.2,MIT,True
node_modules/@esbuild/darwin-x64,@esbuild/darwin-x64,0.28.2,MIT,True,True,transitive,False,,,
node_modules/@esbuild/freebsd-arm64,@esbuild/freebsd-arm64,0.28.2,MIT,True,True,transitive,False,,,
node_modules/@esbuild/freebsd-x64,@esbuild/freebsd-x64,0.28.2,MIT,True,True,transitive,False,,,
node_modules/@esbuild/linux-arm,@esbuild/linux-arm,0.28.2,MIT,True,True,transitive,False,,,
node_modules/@esbuild/linux-arm64,@esbuild/linux-arm64,0.28.2,MIT,True,True,transitive,False,,,
node_modules/@esbuild/linux-ia32,@esbuild/linux-ia32,0.28.2,MIT,True,True,transitive,False,,,
node_modules/@esbuild/linux-loong64,@esbuild/linux-loong64,0.28.2,MIT,True,True,transitive,False,,,
node_modules/@esbuild/linux-mips64el,@esbuild/linux-mips64el,0.28.2,MIT,True,True,transitive,False,,,
node_modules/@esbuild/linux-ppc64,@esbuild/linux-ppc64,0.28.2,MIT,True,True,transitive,False,,,
node_modules/@esbuild/linux-riscv64,@esbuild/linux-riscv64,0.28.2,MIT,True,True,transitive,False,,,
node_modules/@esbuild/linux-s390x,@esbuild/linux-s390x,0.28.2,MIT,True,True,transitive,False,,,
node_modules/@esbuild/linux-x64,@esbuild/linux-x64,0.28.2,MIT,True,True,transitive,False,,,
node_modules/@esbuild/netbsd-arm64,@esbuild/netbsd-arm64,0.28.2,MIT,True,True,transitive,False,,,
node_modules/@esbuild/netbsd-x64,@esbuild/netbsd-x64,0.28.2,MIT,True,True,transitive,False,,,
node_modules/@esbuild/openbsd-arm64,@esbuild/openbsd-arm64,0.28.2,MIT,True,True,transitive,False,,,
node_modules/@esbuild/openbsd-x64,@esbuild/openbsd-x64,0.28.2,MIT,True,True,transitive,False,,,
node_modules/@esbuild/openharmony-arm64,@esbuild/openharmony-arm64,0.28.2,MIT,True,True,transitive,False,,,
node_modules/@esbuild/sunos-x64,@esbuild/sunos-x64,0.28.2,MIT,True,True,transitive,False,,,
node_modules/@esbuild/win32-arm64,@esbuild/win32-arm64,0.28.2,MIT,True,True,transitive,False,,,
node_modules/@esbuild/win32-ia32,@esbuild/win32-ia32,0.28.2,MIT,True,True,transitive,False,,,
node_modules/@esbuild/win32-x64,@esbuild/win32-x64,0.28.2,MIT,True,True,transitive,False,,,
node_modules/@jridgewell/resolve-uri,@jridgewell/resolve-uri,3.1.2,MIT,True,False,transitive,True,3.1.2,MIT,True
node_modules/@jridgewell/sourcemap-codec,@jridgewell/sourcemap-codec,1.6.0,MIT,True,False,transitive,True,1.6.0,MIT,True
node_modules/@jridgewell/trace-mapping,@jridgewell/trace-mapping,0.3.31,MIT,True,False,transitive,True,0.3.31,MIT,True
node_modules/@oxc-project/types,@oxc-project/types,0.149.0,MIT,True,False,transitive,True,0.149.0,MIT,True
node_modules/@rolldown/binding-android-arm-eabi,@rolldown/binding-android-arm-eabi,1.2.8,MIT,True,True,transitive,False,,,
node_modules/@rolldown/binding-android-arm64,@rolldown/binding-android-arm64,1.2.8,MIT,True,True,transitive,False,,,
node_modules/@rolldown/binding-darwin-arm64,@rolldown/binding-darwin-arm64,1.2.8,MIT,True,True,transitive,True,1.2.8,MIT,True
node_modules/@rolldown/binding-darwin-x64,@rolldown/binding-darwin-x64,1.2.8,MIT,True,True,transitive,False,,,
node_modules/@rolldown/binding-freebsd-x64,@rolldown/binding-freebsd-x64,1.2.8,MIT,True,True,transitive,False,,,
node_modules/@rolldown/binding-linux-arm-gnueabihf,@rolldown/binding-linux-arm-gnueabihf,1.2.8,MIT,True,True,transitive,False,,,
node_modules/@rolldown/binding-linux-arm64-gnu,@rolldown/binding-linux-arm64-gnu,1.2.8,MIT,True,True,transitive,False,,,
node_modules/@rolldown/binding-linux-arm64-musl,@rolldown/binding-linux-arm64-musl,1.2.8,MIT,True,True,transitive,False,,,
node_modules/@rolldown/binding-linux-ppc64-gnu,@rolldown/binding-linux-ppc64-gnu,1.2.8,MIT,True,True,transitive,False,,,
node_modules/@rolldown/binding-linux-s390x-gnu,@rolldown/binding-linux-s390x-gnu,1.2.8,MIT,True,True,transitive,False,,,
node_modules/@rolldown/binding-linux-x64-gnu,@rolldown/binding-linux-x64-gnu,1.2.8,MIT,True,True,transitive,False,,,
node_modules/@rolldown/binding-linux-x64-musl,@rolldown/binding-linux-x64-musl,1.2.8,MIT,True,True,transitive,False,,,
node_modules/@rolldown/binding-openharmony-arm64,@rolldown/binding-openharmony-arm64,1.2.8,MIT,True,True,transitive,False,,,
node_modules/@rolldown/binding-win32-arm64-msvc,@rolldown/binding-win32-arm64-msvc,1.2.8,MIT,True,True,transitive,False,,,
node_modules/@rolldown/binding-win32-x64-msvc,@rolldown/binding-win32-x64-msvc,1.2.8,MIT,True,True,transitive,False,,,
node_modules/@rolldown/pluginutils,@rolldown/pluginutils,1.0.1,MIT,True,False,transitive,True,1.0.1,MIT,True
node_modules/@solarisdk/core,@solarisdk/core,0.1.4,Apache-2.0,False,False,transitive,True,0.1.4,Apache-2.0,True
node_modules/@solarisdk/sandbox,@solarisdk/sandbox,0.1.2,Apache-2.0,False,False,runtime,True,0.1.2,Apache-2.0,True
node_modules/@types/chai,@types/chai,5.2.3,MIT,True,False,transitive,True,5.2.3,MIT,True
node_modules/@types/deep-eql,@types/deep-eql,4.0.2,MIT,True,False,transitive,True,4.0.2,MIT,True
node_modules/@types/estree,@types/estree,1.0.9,MIT,True,False,transitive,True,1.0.9,MIT,True
node_modules/@types/node,@types/node,24.13.4,MIT,True,False,development,True,24.13.4,MIT,True
node_modules/@types/react,@types/react,19.3.0,MIT,True,False,development,True,19.3.0,MIT,True
node_modules/@types/react-dom,@types/react-dom,19.3.0,MIT,True,False,development,True,19.3.0,MIT,True
node_modules/@typescript/typescript-aix-ppc64,@typescript/typescript-aix-ppc64,7.0.2,Apache-2.0,True,True,transitive,False,,,
node_modules/@typescript/typescript-darwin-arm64,@typescript/typescript-darwin-arm64,7.0.2,Apache-2.0,True,True,transitive,True,7.0.2,Apache-2.0,True
node_modules/@typescript/typescript-darwin-x64,@typescript/typescript-darwin-x64,7.0.2,Apache-2.0,True,True,transitive,False,,,
node_modules/@typescript/typescript-freebsd-arm64,@typescript/typescript-freebsd-arm64,7.0.2,Apache-2.0,True,True,transitive,False,,,
node_modules/@typescript/typescript-freebsd-x64,@typescript/typescript-freebsd-x64,7.0.2,Apache-2.0,True,True,transitive,False,,,
node_modules/@typescript/typescript-linux-arm,@typescript/typescript-linux-arm,7.0.2,Apache-2.0,True,True,transitive,False,,,
node_modules/@typescript/typescript-linux-arm64,@typescript/typescript-linux-arm64,7.0.2,Apache-2.0,True,True,transitive,False,,,
node_modules/@typescript/typescript-linux-loong64,@typescript/typescript-linux-loong64,7.0.2,Apache-2.0,True,True,transitive,False,,,
node_modules/@typescript/typescript-linux-mips64el,@typescript/typescript-linux-mips64el,7.0.2,Apache-2.0,True,True,transitive,False,,,
node_modules/@typescript/typescript-linux-ppc64,@typescript/typescript-linux-ppc64,7.0.2,Apache-2.0,True,True,transitive,False,,,
node_modules/@typescript/typescript-linux-riscv64,@typescript/typescript-linux-riscv64,7.0.2,Apache-2.0,True,True,transitive,False,,,
node_modules/@typescript/typescript-linux-s390x,@typescript/typescript-linux-s390x,7.0.2,Apache-2.0,True,True,transitive,False,,,
node_modules/@typescript/typescript-linux-x64,@typescript/typescript-linux-x64,7.0.2,Apache-2.0,True,True,transitive,False,,,
node_modules/@typescript/typescript-netbsd-arm64,@typescript/typescript-netbsd-arm64,7.0.2,Apache-2.0,True,True,transitive,False,,,
node_modules/@typescript/typescript-netbsd-x64,@typescript/typescript-netbsd-x64,7.0.2,Apache-2.0,True,True,transitive,False,,,
node_modules/@typescript/typescript-openbsd-arm64,@typescript/typescript-openbsd-arm64,7.0.2,Apache-2.0,True,True,transitive,False,,,
node_modules/@typescript/typescript-openbsd-x64,@typescript/typescript-openbsd-x64,7.0.2,Apache-2.0,True,True,transitive,False,,,
node_modules/@typescript/typescript-sunos-x64,@typescript/typescript-sunos-x64,7.0.2,Apache-2.0,True,True,transitive,False,,,
node_modules/@typescript/typescript-win32-arm64,@typescript/typescript-win32-arm64,7.0.2,Apache-2.0,True,True,transitive,False,,,
node_modules/@typescript/typescript-win32-x64,@typescript/typescript-win32-x64,7.0.2,Apache-2.0,True,True,transitive,False,,,
node_modules/@vercel/oidc,@vercel/oidc,3.2.0,Apache-2.0,False,False,transitive,True,3.2.0,Apache-2.0,True
node_modules/@vercel/sandbox,@vercel/sandbox,3.2.2,Apache-2.0,False,False,runtime,True,3.2.2,Apache-2.0,True
node_modules/@vitejs/plugin-react,@vitejs/plugin-react,6.1.1,MIT,True,False,development,True,6.1.1,MIT,True
node_modules/@vitest/mocker,@vitest/mocker,5.0.0,MIT,True,False,transitive,True,5.0.0,MIT,True
node_modules/@vitest/spy,@vitest/spy,5.0.0,MIT,True,False,transitive,True,5.0.0,MIT,True
node_modules/@workflow/serde,@workflow/serde,4.1.0-beta.2,Apache-2.0,False,False,transitive,True,4.1.0-beta.2,Apache-2.0,True
node_modules/assertion-error,assertion-error,2.0.1,MIT,True,False,transitive,True,2.0.1,MIT,True
node_modules/async-retry,async-retry,1.3.3,MIT,False,False,transitive,True,1.3.3,MIT,True
node_modules/b4a,b4a,1.8.1,Apache-2.0,False,False,transitive,True,1.8.1,Apache-2.0,True
node_modules/bare-events,bare-events,2.9.2,Apache-2.0,False,False,transitive,True,2.9.2,Apache-2.0,True
node_modules/chai,chai,6.2.2,MIT,True,False,transitive,True,6.2.2,MIT,True
node_modules/csstype,csstype,3.2.3,MIT,True,False,transitive,True,3.2.3,MIT,True
node_modules/detect-libc,detect-libc,2.1.2,Apache-2.0,True,False,transitive,True,2.1.2,Apache-2.0,True
node_modules/es-module-lexer,es-module-lexer,2.3.2,MIT,True,False,transitive,True,2.3.2,MIT,True
node_modules/esbuild,esbuild,0.28.2,MIT,True,False,transitive,True,0.28.2,MIT,True
node_modules/estree-walker,estree-walker,3.0.3,MIT,True,False,transitive,True,3.0.3,MIT,True
node_modules/events-universal,events-universal,1.0.1,Apache-2.0,False,False,transitive,True,1.0.1,Apache-2.0,True
node_modules/expect-type,expect-type,1.4.0,Apache-2.0,True,False,transitive,True,1.4.0,Apache-2.0,True
node_modules/fast-fifo,fast-fifo,1.3.2,MIT,False,False,transitive,True,1.3.2,MIT,True
node_modules/fdir,fdir,6.5.0,MIT,True,False,transitive,True,6.5.0,MIT,True
node_modules/fsevents,fsevents,2.3.3,MIT,True,True,transitive,True,2.3.3,MIT,True
node_modules/jose,jose,6.2.3,MIT,False,False,transitive,True,6.2.3,MIT,True
node_modules/jsonlines,jsonlines,0.1.1,MIT,False,False,transitive,True,0.1.1,MIT,True
node_modules/lightningcss,lightningcss,1.33.0,MPL-2.0,True,False,transitive,True,1.33.0,MPL-2.0,True
node_modules/lightningcss-android-arm64,lightningcss-android-arm64,1.33.0,MPL-2.0,True,True,transitive,False,,,
node_modules/lightningcss-darwin-arm64,lightningcss-darwin-arm64,1.33.0,MPL-2.0,True,True,transitive,True,1.33.0,MPL-2.0,True
node_modules/lightningcss-darwin-x64,lightningcss-darwin-x64,1.33.0,MPL-2.0,True,True,transitive,False,,,
node_modules/lightningcss-freebsd-x64,lightningcss-freebsd-x64,1.33.0,MPL-2.0,True,True,transitive,False,,,
node_modules/lightningcss-linux-arm-gnueabihf,lightningcss-linux-arm-gnueabihf,1.33.0,MPL-2.0,True,True,transitive,False,,,
node_modules/lightningcss-linux-arm64-gnu,lightningcss-linux-arm64-gnu,1.33.0,MPL-2.0,True,True,transitive,False,,,
node_modules/lightningcss-linux-arm64-musl,lightningcss-linux-arm64-musl,1.33.0,MPL-2.0,True,True,transitive,False,,,
node_modules/lightningcss-linux-x64-gnu,lightningcss-linux-x64-gnu,1.33.0,MPL-2.0,True,True,transitive,False,,,
node_modules/lightningcss-linux-x64-musl,lightningcss-linux-x64-musl,1.33.0,MPL-2.0,True,True,transitive,False,,,
node_modules/lightningcss-win32-arm64-msvc,lightningcss-win32-arm64-msvc,1.33.0,MPL-2.0,True,True,transitive,False,,,
node_modules/lightningcss-win32-x64-msvc,lightningcss-win32-x64-msvc,1.33.0,MPL-2.0,True,True,transitive,False,,,
node_modules/lru-cache,lru-cache,10.4.3,ISC,False,False,transitive,True,10.4.3,ISC,True
node_modules/magic-string,magic-string,1.3.1,MIT,True,False,transitive,True,1.3.1,MIT,True
node_modules/ms,ms,2.1.3,MIT,False,False,transitive,True,2.1.3,MIT,True
node_modules/nanoid,nanoid,3.3.18,MIT,True,False,transitive,True,3.3.18,MIT,True
node_modules/obug,obug,2.2.1,MIT,True,False,transitive,True,2.2.1,MIT,True
node_modules/os-paths,os-paths,4.4.0,MIT,False,False,transitive,True,4.4.0,MIT,True
node_modules/picocolors,picocolors,1.1.1,ISC,False,False,transitive,True,1.1.1,ISC,True
node_modules/picomatch,picomatch,4.0.7,MIT,True,False,transitive,True,4.0.7,MIT,True
node_modules/playwright,playwright,1.58.2,Apache-2.0,True,False,development,True,1.58.2,Apache-2.0,True
node_modules/playwright-core,playwright-core,1.58.2,Apache-2.0,True,False,transitive,True,1.58.2,Apache-2.0,True
node_modules/playwright/node_modules/fsevents,fsevents,2.3.2,MIT,True,True,transitive,False,,,
node_modules/postcss,postcss,8.5.28,MIT,True,False,transitive,True,8.5.28,MIT,True
node_modules/prettier,prettier,3.9.6,MIT,True,False,development,True,3.9.6,MIT,True
node_modules/react,react,19.3.0,MIT,False,False,runtime,True,19.3.0,MIT,True
node_modules/react-dom,react-dom,19.3.0,MIT,False,False,runtime,True,19.3.0,MIT,True
node_modules/retry,retry,0.13.1,MIT,False,False,transitive,True,0.13.1,MIT,True
node_modules/rolldown,rolldown,1.2.8,MIT,True,False,transitive,True,1.2.8,MIT,True
node_modules/scheduler,scheduler,0.28.0,MIT,False,False,transitive,True,0.28.0,MIT,True
node_modules/siginfo,siginfo,2.0.0,ISC,True,False,transitive,True,2.0.0,ISC,True
node_modules/source-map-js,source-map-js,1.2.1,BSD-3-Clause,True,False,transitive,True,1.2.1,BSD-3-Clause,True
node_modules/stackback,stackback,0.0.2,MIT,True,False,transitive,True,0.0.2,MIT,True
node_modules/std-env,std-env,4.2.0,MIT,True,False,transitive,True,4.2.0,MIT,True
node_modules/streamx,streamx,2.28.1,MIT,False,False,transitive,True,2.28.1,MIT,True
node_modules/tar-stream,tar-stream,3.1.7,MIT,False,False,transitive,True,3.1.7,MIT,True
node_modules/text-decoder,text-decoder,1.2.7,Apache-2.0,False,False,transitive,True,1.2.7,Apache-2.0,True
node_modules/tinybench,tinybench,6.1.4,MIT,True,False,transitive,True,6.1.4,MIT,True
node_modules/tinyexec,tinyexec,1.3.0,MIT,True,False,transitive,True,1.3.0,MIT,True
node_modules/tinyglobby,tinyglobby,0.2.17,MIT,True,False,transitive,True,0.2.17,MIT,True
node_modules/tsx,tsx,4.23.13,MIT,True,False,development,True,4.23.13,MIT,True
node_modules/typescript,typescript,7.0.2,Apache-2.0,True,False,development,True,7.0.2,Apache-2.0,True
node_modules/undici,undici,7.29.1,MIT,False,False,transitive,True,7.29.1,MIT,True
node_modules/undici-types,undici-types,7.18.2,MIT,True,False,transitive,True,7.18.2,MIT,True
node_modules/vite,vite,8.3.0,MIT,True,False,development,True,8.3.0,MIT,True
node_modules/vitest,vitest,5.0.0,MIT,True,False,development,True,5.0.0,MIT,True
node_modules/why-is-node-running,why-is-node-running,2.3.0,MIT,True,False,transitive,True,2.3.0,MIT,True
node_modules/ws,ws,8.22.0,MIT,False,False,transitive,True,8.22.0,MIT,True
node_modules/xdg-app-paths,xdg-app-paths,5.1.0,MIT,False,False,transitive,True,5.1.0,MIT,True
node_modules/xdg-portable,xdg-portable,7.3.0,MIT,False,False,transitive,True,7.3.0,MIT,True
node_modules/zod,zod,4.6.1,MIT,False,False,runtime,True,4.6.1,MIT,True
